date,species,sex,tree_id,orientation,tray_colour,tray_position_id,weight,treatment,with_male,mating_location,eggs,comments
27/11/2023,wm,f,17484,n,purple,c10,NA,storage,NA,NA,NA,NA
27/11/2023,su,f,17307,s,purple,c11,NA,storage,NA,NA,NA,NA
27/11/2023,wm,f,17484,n,purple,c12,NA,storage,NA,NA,NA,NA
27/11/2023,wm,f,17863,n,purple,c4,NA,storage,NA,NA,NA,NA
27/11/2023,wm,f,17028,n,purple,c5,NA,storage,NA,NA,NA,NA
27/11/2023,wm,f,17307,s,purple,c6,NA,storage,NA,NA,NA,NA
27/11/2023,su,f,17893,s,purple,c7,NA,storage,NA,NA,NA,NA
27/11/2023,su,f,17907,s,purple,c8,NA,storage,NA,NA,NA,NA
27/11/2023,wm,f,17893,s,purple,c9,NA,storage,NA,NA,NA,NA
27/11/2023,wm,f,17863,n,purple,d1,NA,storage,NA,NA,NA,NA
27/11/2023,wm,f,16089,n,purple,d10,NA,storage,NA,NA,NA,NA
27/11/2023,wm,f,17863,s,purple,d11,NA,storage,NA,NA,NA,NA
27/11/2023,wm,f,16091,s,purple,d12,NA,storage,NA,NA,NA,NA
27/11/2023,wm,f,16091,s,purple,d2,NA,storage,NA,NA,NA,NA
27/11/2023,wm,f,17307,s,purple,d3,NA,storage,NA,NA,NA,NA
27/11/2023,wm,f,16682,s,purple,d4,NA,storage,NA,NA,NA,NA
27/11/2023,wm,f,17893,s,purple,d5,NA,storage,NA,NA,NA,NA
27/11/2023,sm,f,17863,s,purple,d6,NA,storage,NA,NA,NA,NA
27/11/2023,wm,f,17484,s,purple,d7,NA,storage,NA,NA,NA,NA
27/11/2023,wm,f,16682,s,purple,d8,NA,storage,NA,NA,NA,NA
27/11/2023,wm,f,17028,n,purple,d9,NA,storage,NA,NA,NA,NA
27/11/2023,wm,f,17863,s,purple,e1,NA,storage,NA,NA,NA,NA
27/11/2023,su,f,16682,s,purple,e2,NA,storage,NA,NA,NA,NA
27/11/2023,wm,f,14511,s,purple,e3,NA,storage,NA,NA,NA,NA
27/11/2023,su,f,17893,n,purple,e4,NA,storage,NA,NA,NA,NA
27/11/2023,wm,f,17028,s,purple,e5,NA,storage,NA,NA,NA,NA
27/11/2023,wm,f,16682,s,purple,e6,NA,storage,NA,NA,NA,NA
27/11/2023,wm,f,17028,n,purple,e7,NA,storage,NA,NA,NA,NA
27/11/2023,wm,f,17863,s,purple,e8,NA,storage,NA,NA,NA,NA
27/11/2023,wm,m,17907,s,s1,b7,NA,storage,NA,NA,NA,NA
27/11/2023,wm,m,17115,s,s1,b8,NA,storage,NA,NA,NA,NA
27/11/2023,wm,m,16682,s,s1,b9,NA,storage,NA,NA,NA,NA
27/11/2023,wm,m,17484,n,s1,c1,NA,storage,NA,NA,NA,NA
27/11/2023,wm,m,16106,s,s1,c2,NA,storage,NA,NA,NA,NA
27/11/2023,wm,m,21184,s,s1,c3,NA,storage,NA,NA,NA,NA
27/11/2023,wm,m,16180,s,s1,c4,NA,storage,NA,NA,NA,NA
27/11/2023,wm,m,17863,n,s1,c5,NA,storage,NA,NA,NA,NA
27/11/2023,wm,m,18178,s,s1,c6,NA,storage,NA,NA,NA,NA
27/11/2023,su,m,17115,n,s1,c7,NA,storage,NA,NA,NA,NA
27/11/2023,red_green_carpet,m,16180,s,s1,c8,NA,storage,NA,NA,NA,NA
29/11/2023,wm,f,17863,s,w3,a1,0.018,mated,y,o1a1,y,NA
29/11/2023,wm,f,17863,s,purple,a1,0.023,storage,NA,NA,NA,NA
29/11/2023,wm,m,20708,n,s1,a1,NA,storage,NA,NA,NA,NA
29/11/2023,wm,f,17028,n,w3,a10,0.0335,mated,n,o1a10,y,NA
29/11/2023,wm,f,19872,s,purple,a10,0.0224,storage,NA,NA,NA,NA
29/11/2023,wm,f,19872,s,purple,a11,0.0438,storage,NA,NA,NA,NA
29/11/2023,wm,f,21184,n,purple,a12,0.0355,storage,NA,NA,NA,NA
29/11/2023,wm,m,14511,s,s1,a2,NA,storage,NA,NA,NA,NA
29/11/2023,wm,f,17863,s,purple,a2,0.0159,storage,NA,NA,NA,NA
29/11/2023,wm,f,17115,s,w3,a2,0.0227,mated,n,o1a2,y,NA
29/11/2023,wm,f,14511,s,w3,a3,0.0209,mated,n,o1a3,y,NA
29/11/2023,wm,f,17863,s,purple,a3,0.0169,storage,NA,NA,NA,NA
29/11/2023,wm,m,17863,n,s1,a3,NA,storage,NA,NA,NA,NA
29/11/2023,wm,f,14511,s,purple,a4,0.0207,storage,NA,NA,NA,NA
29/11/2023,wm,f,17863,n,w3,a4,0.0275,mated,y,o1a4,y,NA
29/11/2023,su,m,17863,n,s1,a4,NA,storage,NA,NA,NA,NA
29/11/2023,su,f,14511,s,purple,a5,0.0304,storage,NA,NA,NA,NA
29/11/2023,su,m,17863,n,s1,a5,NA,storage,NA,NA,NA,NA
29/11/2023,wm,f,19872,s,w3,a5,0.0241,mated,y,o1a5,n,NA
29/11/2023,wm,m,16091,s,s1,a6,NA,storage,NA,NA,NA,NA
29/11/2023,wm,f,17863,n,purple,a6,0.0119,storage,NA,NA,NA,NA
29/11/2023,wm,f,21184,s,w3,a6,0.0389,mated,n,o1a6,y,NA
29/11/2023,wm,f,17307,s,w3,a7,0.0228,mated,NA,o1a7,y,NA
29/11/2023,wm,m,17307,s,s1,a7,NA,storage,NA,NA,NA,NA
29/11/2023,wm,f,17863,n,purple,a7,0.0198,storage,NA,NA,NA,NA
29/11/2023,wm,m,19864,n,s1,a8,NA,storage,NA,NA,NA,NA
29/11/2023,wm,f,17863,n,purple,a8,0.0211,storage,NA,NA,NA,NA
29/11/2023,wm,f,18178,s,w3,a8,0.0333,mated,y,o1a8,y,NA
29/11/2023,wm,f,16682,s,w3,a9,0.0314,mated,n,o1a9,y,NA
29/11/2023,sm,m,17321,n,s1,a9,NA,storage,NA,NA,NA,NA
29/11/2023,wm,f,17863,s,purple,a9,0.0418,storage,NA,NA,NA,NA
29/11/2023,wm,f,17863,n,w3,a11,0.0144,mated,n,o1b1,n,NA
29/11/2023,wm,f,21184,s,purple,b1,0.0104,storage,NA,NA,NA,NA
29/11/2023,sm,f,16682,s,purple,b10,0.0684,storage,NA,NA,NA,NA
29/11/2023,sm,f,16682,n,purple,b11,0.0805,storage,NA,NA,NA,NA
29/11/2023,sm,f,16091,n,purple,b12,0.0999,storage,NA,NA,NA,NA
04/12/2023,wm,f,17863,n,w3,b8,0.0154,mated,y,o1b10,n,NA
29/11/2023,su,f,21184,s,purple,b2,0.0477,storage,NA,NA,NA,NA
29/11/2023,wm,f,17307,s,purple,b3,0.0238,storage,NA,NA,NA,NA
29/11/2023,wm,f,17484,n,w3,a12,0.0197,mated,n,o1b2,y,NA
29/11/2023,wm,f,17307,s,purple,b4,0.0293,storage,NA,NA,NA,NA
29/11/2023,wm,f,17307,s,purple,b5,0.0376,storage,NA,NA,NA,NA
29/11/2023,wm,f,17307,s,purple,b6,0.0185,storage,NA,NA,NA,NA
29/11/2023,wm,f,17307,n,purple,b7,0.0289,storage,NA,NA,NA,NA
29/11/2023,wm,f,17307,s,purple,b8,0.0365,storage,NA,NA,NA,NA
29/11/2023,wm,f,17307,s,purple,b9,0.0281,storage,NA,NA,NA,NA
29/11/2023,wm,f,17028,s,purple,c1,0.0207,storage,NA,NA,NA,NA
29/11/2023,sm,f,17115,n,purple,c2,0.0625,storage,NA,NA,NA,NA
29/11/2023,sm,f,14291,s,purple,c3,0.0818,storage,NA,NA,NA,NA
29/11/2023,wm,f,14128,n,NA,NA,0.0233,lionel,NA,NA,NA,NA
29/11/2023,wm,f,14128,n,NA,NA,0.0183,lionel,NA,NA,NA,NA
29/11/2023,wm,f,14128,s,NA,NA,0.024,lionel,NA,NA,NA,NA
01/12/2023,wm,m,14291,n,s1,b1,NA,storage,NA,NA,NA,NA
29/11/2023,wm,f,17321,s,w3,b1,0.0384,mated,n,o1b3,y,NA
01/12/2023,wm,f,14511,n,w3,b2,0.0265,mated,n,o1b4,y,NA
01/12/2023,wm,f,16091,n,blue,a1,0.0257,storage,NA,NA,NA,NA
01/12/2023,mu,f,17863,s,blue,a2,0.099,storage,NA,NA,NA,NA
01/12/2023,wm,f,17863,s,blue,a3,0.0268,storage,NA,NA,NA,NA
01/12/2023,wm,f,16091,s,w3,b3,0.0116,mated,n,o1b5,y,NA
01/12/2023,wm,f,17863,n,w3,b4,0.0111,mated,y,o1b6,y,NA
01/12/2023,wm,f,17863,n,w3,b5,0.0222,mated,y,o1b7,y,NA
01/12/2023,sm,m,19864,n,s1,b2,NA,storage,NA,NA,NA,NA
01/12/2023,wm,m,19864,n,s1,b3,NA,storage,NA,NA,NA,NA
01/12/2023,wm,m,19864,n,s1,b4,NA,storage,NA,NA,NA,NA
01/12/2023,wm,m,21184,s,s1,b5,NA,storage,NA,NA,NA,NA
01/12/2023,wm,m,21184,s,s1,b6,NA,storage,NA,NA,NA,NA
01/12/2023,wm,f,17321,n,NA,NA,0.0354,lionel,NA,NA,NA,NA
01/12/2023,wm,m,17321,n,NA,NA,NA,lionel,NA,NA,NA,NA
01/12/2023,wm,f,14128,s,NA,NA,0.0266,lionel,NA,NA,NA,NA
01/12/2023,wm,f,14128,s,NA,NA,0.0265,lionel,NA,NA,NA,NA
01/12/2023,wm,m,14128,s,NA,NA,NA,lionel,NA,NA,NA,NA
27/11/2023,wm,m,19872,s,s1,c9,NA,storage,y,o1a5,NA,NA
01/12/2023,wm,m,17863,NA,s1,a10,NA,storage,y,o1b6,NA,NA
01/12/2023,wm,m,17863,n,s1,b10,NA,storage,y,o1b8,NA,NA
01/12/2023,wm,m,17863,n,s1,c10,NA,storage,y,o1b7,NA,NA
29/11/2023,wm,m,17863,s,s1,d1,NA,storage,y,o1a1,NA,NA
29/11/2023,wm,m,17863,s,s1,d2,NA,storage,y,o1a4,NA,NA
29/11/2023,wm,m,21184,s,s1,d3,NA,storage,y,o1a6,NA,NA
04/12/2023,?,f,14511,s,blue,a4,0.0466,storage,NA,NA,NA,NA
04/12/2023,wm,f,14511,s,lost,lost,lost,lost,lost,lost,NA,NA
01/12/2023,wm,f,17863,n,w3,b6,0.0106,mated,y,o1b8,n,NA
04/12/2023,wm,f,14511,s,blue,a5,0.0301,storage,NA,NA,NA,NA
04/12/2023,wm,f,14511,s,blue,a6,0.0298,storage,NA,NA,NA,NA
04/12/2023,wm,f,14511,s,blue,a7,0.0258,storage,NA,NA,NA,NA
04/12/2023,wm,f,14511,n,blue,a8,0.029,storage,NA,NA,NA,NA
04/12/2023,wm,f,14511,n,blue,a9,0.0304,storage,NA,NA,NA,NA
04/12/2023,wm,f,14128,n,NA,NA,0.0232,lionel,NA,NA,NA,NA
04/12/2023,wm,f,14128,n,NA,NA,0.0432,lionel,NA,NA,NA,NA
04/12/2023,wm,f,14128,n,NA,NA,0.0372,lionel,NA,NA,NA,NA
04/12/2023,wm,f,14128,n,NA,NA,0.033,lionel,NA,NA,NA,NA
04/12/2023,wm,f,14128,n,NA,NA,0.0249,lionel,NA,NA,NA,NA
04/12/2023,wm,f,14128,n,NA,NA,0.0278,lionel,NA,NA,NA,NA
04/12/2023,wm,f,14128,n,NA,NA,0.0411,lionel,NA,NA,NA,NA
04/12/2023,wm,f,17321,n,NA,NA,0.0304,lionel,NA,NA,NA,NA
04/12/2023,wm,f,17321,n,NA,NA,0.0284,lionel,NA,NA,NA,NA
04/12/2023,wm,f,17321,n,NA,NA,0.0207,lionel,NA,NA,NA,NA
04/12/2023,wm,f,17321,s,NA,NA,0.0279,lionel,NA,NA,NA,NA
04/12/2023,wm,f,17321,s,NA,NA,0.0199,lionel,NA,NA,NA,NA
04/12/2023,wm,f,17321,s,NA,NA,0.0251,lionel,NA,NA,NA,NA
04/12/2023,wm,f,17321,s,NA,NA,0.023,lionel,NA,NA,NA,NA
04/12/2023,wm,f,17321,s,NA,NA,0.03,lionel,NA,NA,NA,NA
04/12/2023,wm,f,17321,s,NA,NA,0.039,lionel,NA,NA,NA,NA
04/12/2023,wm,f,17321,s,NA,NA,0.0379,lionel,NA,NA,NA,NA
04/12/2023,wm,m,17321,s,NA,NA,NA,lionel,NA,NA,NA,NA
04/12/2023,wm,m,17321,s,NA,NA,NA,lionel,NA,NA,NA,NA
04/12/2023,wm,m,17321,s,NA,NA,NA,lionel,NA,NA,NA,NA
04/12/2023,wm,m,17321,s,NA,NA,NA,lionel,NA,NA,NA,NA
04/12/2023,wm,m,17321,s,NA,NA,NA,lionel,NA,NA,NA,NA
04/12/2023,su,m,17321,s,NA,NA,NA,lionel,NA,NA,NA,NA
04/12/2023,wm,m,14128,n,NA,NA,NA,lionel,NA,NA,NA,NA
04/12/2023,wm,m,14128,n,NA,NA,NA,lionel,NA,NA,NA,NA
04/12/2023,wm,m,14128,n,NA,NA,NA,lionel,NA,NA,NA,NA
04/12/2023,wm,f,20708,s,NA,NA,0.0294,lionel,NA,NA,NA,NA
04/12/2023,wm,m,20708,s,NA,NA,NA,lionel,NA,NA,NA,NA
04/12/2023,wm,f,14511,s,w3,b7,0.0181,mated,y,o1b9,y,NA
04/12/2023,wm,f,14291,n,blue,a10,0.0123,storage,NA,NA,NA,NA
04/12/2023,wm,f,17893,n,w3,b9,0.0247,mated,y,o1c1,y,NA
04/12/2023,su,f,15160,s,blue,a11,0.0294,storage,NA,NA,NA,NA
04/12/2023,wm,f,18178,s,w3,c6,0.0165,mated,y,o1c10,n,NA
04/12/2023,wm,f,14158,s,blue,a12,0.033,storage,NA,NA,NA,NA
04/12/2023,wm,f,14158,s,blue,b1,0.0365,storage,NA,NA,NA,NA
04/12/2023,wm,f,17028,s,w3,b10,0.0259,mated,y,o1c2,y,NA
04/12/2023,wm,f,17907,s,w3,b11,0.0141,mated,n,o1c3,y,NA
04/12/2023,wm,f,16682,s,blue,b2,0.0354,storage,NA,NA,NA,NA
04/12/2023,wm,f,16682,s,blue,b3,0.0194,storage,NA,NA,NA,NA
04/12/2023,wm,f,16682,s,blue,b4,0.0158,storage,NA,NA,NA,NA
04/12/2023,wm,f,16682,s,blue,b5,0.0278,storage,NA,NA,NA,NA
04/12/2023,wm,f,16682,s,blue,b6,0.0456,storage,NA,NA,NA,NA
04/12/2023,wm,f,16682,s,blue,b7,0.0308,storage,NA,NA,NA,NA
04/12/2023,wm,f,16682,n,blue,b8,0.0349,storage,NA,NA,NA,NA
04/12/2023,wm,f,16682,n,blue,b9,0.0176,storage,NA,NA,NA,NA
04/12/2023,wm,f,16682,n,blue,b10,0.0321,storage,NA,NA,NA,NA
04/12/2023,wm,f,16682,n,blue,b11,0.0253,storage,NA,NA,NA,NA
04/12/2023,wm,f,16682,n,blue,b12,0.0376,storage,NA,NA,NA,NA
04/12/2023,wm,f,17863,s,w3,b12,0.0351,mated,n,o1c4,y,NA
04/12/2023,wm,f,16089,n,blue,c1,0.029,storage,NA,NA,NA,NA
04/12/2023,wm,f,14291,s,w3,c1,0.0324,mated,y,o1c5,y,NA
04/12/2023,wm,f,16106,s,w3,c2,0.0261,mated,y,o1c6,y,green_eggs
04/12/2023,wm,f,17115,n,w3,c3,0.0279,mated,y,o1c7,y,NA
04/12/2023,wm,f,17115,s,w3,c4,0.0254,mated,y,o1c8,y,NA
04/12/2023,wm,f,18178,s,w3,c5,0.0148,mated,y,o1c9,n,NA
04/12/2023,wm,f,17484,s,blue,c2,0.0281,storage,NA,NA,NA,NA
04/12/2023,wm,f,17484,s,blue,c3,0.0282,storage,NA,NA,NA,NA
04/12/2023,wm,f,17484,s,blue,c4,0.0259,storage,NA,NA,NA,NA
04/12/2023,wm,f,17484,s,blue,c5,0.0385,storage,NA,NA,NA,NA
04/12/2023,wm,f,17484,s,blue,c6,0.0459,storage,NA,NA,NA,NA
04/12/2023,wm,f,19864,n,w3,c7,0.0214,mated,y,o1d1,y,NA
04/12/2023,wm,f,17907,s,blue,c7,0.0245,storage,NA,NA,NA,NA
04/12/2023,su,m,17307,n,s1,d5,NA,storage,NA,NA,NA,NA
04/12/2023,mu,m,17307,n,s1,d6,NA,storage,NA,NA,NA,NA
04/12/2023,mu,f,17307,n,blue,c8,0.108,storage,NA,NA,NA,NA
04/12/2023,wm,f,17307,n,blue,c9,0.0317,storage,NA,NA,NA,NA
04/12/2023,wm,f,17307,n,blue,c10,0.0252,storage,NA,NA,NA,NA
04/12/2023,wm,f,17307,n,blue,c11,0.0475,storage,NA,NA,NA,NA
04/12/2023,wm,f,17307,s,blue,c12,0.0374,storage,NA,NA,NA,NA
04/12/2023,wm,f,17307,s,blue,d1,0.0378,storage,NA,NA,NA,NA
04/12/2023,wm,f,17307,s,blue,d2,0.0222,storage,NA,NA,NA,NA
04/12/2023,feathered_thorn,m,17863,n,s1,d7,NA,storage,NA,NA,NA,NA
04/12/2023,wm,f,16091,s,w3,d4,0.0139,mated,n,o1d10,n,NA
04/12/2023,wm,f,17863,n,blue,d3,0.0217,storage,NA,NA,NA,NA
04/12/2023,wm,f,17863,n,blue,d4,0.0234,storage,NA,NA,NA,NA
04/12/2023,wm,f,17863,n,blue,d5,0.0125,storage,NA,NA,NA,NA
04/12/2023,wm,f,17863,n,blue,d6,0.0272,storage,NA,NA,NA,NA
04/12/2023,wm,f,17863,n,blue,d7,0.0166,storage,NA,NA,NA,NA
04/12/2023,wm,f,17863,n,blue,d8,0.018,storage,NA,NA,NA,NA
04/12/2023,mu,f,17863,n,blue,d9,0.0737,storage,NA,NA,NA,NA
04/12/2023,su,f,17863,n,blue,d10,0.054,storage,NA,NA,NA,NA
04/12/2023,wm,f,17863,n,blue,d11,0.0199,storage,NA,NA,NA,NA
04/12/2023,wm,f,17863,n,blue,d12,0.0254,storage,NA,NA,NA,NA
04/12/2023,wm,f,17863,n,blue,e1,0.0237,storage,NA,NA,NA,NA
04/12/2023,wm,f,17863,n,blue,e2,0.0364,storage,NA,NA,NA,NA
04/12/2023,wm,f,17863,n,blue,e3,0.0305,storage,NA,NA,NA,NA
04/12/2023,wm,f,17863,n,blue,e4,0.0148,storage,NA,NA,NA,NA
04/12/2023,wm,f,17863,n,blue,e5,0.018,storage,NA,NA,NA,NA
04/12/2023,wm,f,17863,n,blue,e6,0.0438,storage,NA,NA,NA,NA
04/12/2023,wm,f,17863,n,blue,e7,0.0366,storage,NA,NA,NA,NA
04/12/2023,wm,f,17863,n,blue,e8,0.0232,storage,NA,NA,NA,NA
04/12/2023,wm,f,17863,n,blue,e9,0.033,storage,NA,NA,NA,NA
04/12/2023,wm,f,17863,n,blue,e10,0.0263,storage,NA,NA,NA,NA
04/12/2023,wm,f,17863,n,blue,e11,0.0224,storage,NA,NA,NA,NA
04/12/2023,wm,f,19864,s,w3,c8,0.0257,mated,y,o1d2,y,NA
04/12/2023,wm,f,17893,n,blue,e12,0.0298,storage,NA,NA,NA,NA
04/12/2023,wm,f,17893,n,orange,a1,0.0326,storage,NA,NA,NA,NA
04/12/2023,wm,f,21184,s,w3,c9,0.0311,mated,y,o1d3,y,NA
04/12/2023,wm,f,17028,s,orange,a2,0.0403,storage,NA,NA,NA,NA
04/12/2023,wm,f,17028,s,orange,a3,0.0262,storage,NA,NA,NA,NA
04/12/2023,wm,f,17028,s,orange,a4,0.0456,storage,NA,NA,NA,NA
04/12/2023,su,f,17028,s,orange,a5,0.041,storage,NA,NA,NA,NA
04/12/2023,wm,f,17028,s,orange,a6,0.0354,storage,NA,NA,NA,NA
04/12/2023,wm,f,17028,s,orange,a7,0.0266,storage,NA,NA,NA,NA
04/12/2023,wm,f,17028,s,orange,a8,0.0318,storage,NA,NA,NA,NA
04/12/2023,wm,f,17028,s,orange,a9,0.036,storage,NA,NA,NA,NA
04/12/2023,wm,f,21184,s,w3,c10,0.0452,mated,y,o1d4,y,green_eggs
04/12/2023,wm,f,17907,s,orange,a10,0.0202,storage,NA,NA,NA,NA
04/12/2023,wm,f,17907,s,orange,a11,0.0282,storage,NA,NA,NA,NA
04/12/2023,wm,f,14291,n,w3,c11,0.0256,mated,n,o1d5,y,NA
04/12/2023,?,f,16106,n,orange,a12,0.031,storage,NA,NA,NA,NA
04/12/2023,wm,f,14510,n,w3,c12,0.0298,mated,n,o1d6,y,NA
04/12/2023,wm,f,14158,s,w3,d1,0.0297,mated,n,o1d7,n,NA
04/12/2023,su,f,16106,s,orange,b1,0.0449,storage,NA,NA,NA,NA
04/12/2023,wm,m,16106,s,s1,d8,NA,storage,NA,NA,NA,NA
04/12/2023,wm,f,16180,s,w3,d2,0.0251,mated,n,o1d8,y,NA
04/12/2023,wm,f,16682,s,w3,d3,0.0262,mated,n,o1d9,y,NA
04/12/2023,wm,f,17115,n,orange,b2,0.0284,storage,NA,NA,NA,NA
04/12/2023,wm,f,17115,n,orange,b3,0.033,storage,NA,NA,NA,NA
04/12/2023,wm,f,17115,s,orange,b4,0.0446,storage,NA,NA,NA,NA
04/12/2023,wm,f,17115,s,orange,b5,0.0351,storage,NA,NA,NA,NA
04/12/2023,wm,f,17115,s,orange,b6,0.0277,storage,NA,NA,NA,NA
04/12/2023,wm,f,17115,s,orange,b7,0.0298,storage,NA,NA,NA,NA
04/12/2023,wm,f,16089,n,w3,d5,0.0358,mated,n,o1e1,y,NA
06/12/2023,wm,f,17115,s,w3,e2,0.026,mated,y,o1e10,y,NA
04/12/2023,wm,f,18178,n,orange,b8,0.0316,storage,NA,NA,NA,NA
04/12/2023,wm,f,18178,n,orange,b9,0.0156,storage,NA,NA,NA,NA
04/12/2023,wm,f,18178,n,orange,b10,0.0506,storage,NA,NA,NA,NA
04/12/2023,wm,f,18178,n,orange,b11,0.0219,storage,NA,NA,NA,NA
04/12/2023,wm,f,18178,n,orange,b12,0.0341,storage,NA,NA,NA,NA
04/12/2023,wm,f,18178,n,orange,c1,0.0336,storage,NA,NA,NA,NA
04/12/2023,wm,f,18178,s,orange,c2,0.0227,storage,NA,NA,NA,NA
04/12/2023,wm,f,18178,s,orange,c3,0.025,storage,NA,NA,NA,NA
04/12/2023,wm,m,19864,s,s1,d9,NA,storage,NA,NA,NA,NA
04/12/2023,wm,f,19864,s,orange,c4,0.0346,storage,NA,NA,NA,NA
04/12/2023,wm,f,17484,n,w3,d6,0.027,mated,y,o1e2,y,NA
04/12/2023,wm,f,19864,n,orange,c5,0.0234,storage,NA,NA,NA,NA
04/12/2023,wm,f,19864,n,orange,c6,0.0281,storage,NA,NA,NA,NA
04/12/2023,wm,f,19864,s,orange,c7,0.0293,storage,NA,NA,NA,NA
04/12/2023,wm,f,19864,s,orange,c8,0.0241,storage,NA,NA,NA,NA
04/12/2023,wm,f,19864,s,orange,c9,0.0349,storage,NA,NA,NA,NA
04/12/2023,wm,f,19864,s,orange,c10,0.0234,storage,NA,NA,NA,NA
04/12/2023,wm,f,19864,s,orange,c11,0.0272,storage,NA,NA,NA,NA
04/12/2023,wm,f,17484,n,w3,d7,0.022,mated,y,o1e3,y,NA
04/12/2023,wm,f,19864,n,orange,c12,0.0316,storage,NA,NA,NA,NA
04/12/2023,wm,f,17484,n,w3,d8,0.0285,mated,y,o1e4,y,NA
04/12/2023,wm,f,17484,s,w3,d9,0.0269,mated,y,o1e5,y,NA
04/12/2023,wm,f,21184,s,orange,d1,0.032,storage,NA,NA,NA,NA
04/12/2023,wm,f,17907,s,w3,d10,0.0241,mated,y,o1e6,y,NA
06/12/2023,?,f,17307,s,orange,d2,0.0411,storage,NA,NA,NA,NA
06/12/2023,wm,f,17307,s,w3,d11,0.0261,mated,y,o1e7,y,NA
06/12/2023,wm,f,17307,s,orange,d3,0.0347,storage,NA,NA,NA,NA
06/12/2023,wm,f,17307,s,orange,d4,0.0216,storage,NA,NA,NA,NA
06/12/2023,wm,f,17307,s,orange,d5,0.0327,storage,NA,NA,NA,NA
06/12/2023,wm,f,17307,s,orange,d6,0.0344,storage,NA,NA,NA,NA
06/12/2023,wm,f,17307,s,orange,d7,0.0195,storage,NA,NA,NA,NA
06/12/2023,wm,f,17307,s,orange,d8,0.0184,storage,NA,NA,NA,NA
06/12/2023,wm,f,17307,s,orange,d9,0.0276,storage,NA,NA,NA,NA
06/12/2023,wm,f,17307,n,orange,d10,0.0238,storage,NA,NA,NA,NA
06/12/2023,wm,f,17307,n,orange,d11,0.0134,storage,NA,NA,NA,NA
06/12/2023,wm,f,17307,n,orange,d12,0.0353,storage,NA,NA,NA,NA
06/12/2023,wm,f,17307,s,w3,d12,0.0152,mated,y,o1e8,y,NA
06/12/2023,wm,f,17484,n,orange,e1,0.0132,storage,NA,NA,NA,NA
06/12/2023,wm,f,17484,n,w3,e1,0.0277,mated,y,o1e9,y,NA
06/12/2023,wm,f,17115,s,orange,e2,0.0214,storage,NA,NA,NA,NA
06/12/2023,wm,f,17115,s,orange,e3,0.0226,storage,NA,NA,NA,NA
06/12/2023,wm,f,17115,s,orange,e4,0.0297,storage,NA,NA,NA,NA
06/12/2023,?,f,17115,s,orange,e5,0.037,storage,NA,NA,NA,NA
06/12/2023,wm,f,17115,s,orange,e6,0.0186,storage,NA,NA,NA,NA
06/12/2023,wm,f,17115,s,orange,e7,0.0194,storage,NA,NA,NA,NA
06/12/2023,mu,f,17115,s,orange,e8,0.1052,storage,NA,NA,NA,NA
06/12/2023,wm,f,17115,n,orange,e9,0.0135,storage,NA,NA,NA,NA
06/12/2023,mu,f,17115,n,orange,e10,0.0918,storage,NA,NA,NA,NA
06/12/2023,wm,f,17028,s,w3,e3,0.0272,mated,n,o2a1,y,NA
06/12/2023,wm,f,17028,s,orange,d11,0.013,storage,NA,NA,NA,NA
06/12/2023,wm,f,17028,s,orange,d12,0.026,storage,NA,NA,NA,NA
06/12/2023,wm,f,17028,s,white,a1,0.025,storage,NA,NA,NA,NA
06/12/2023,wm,f,17028,s,white,a2,0.0168,storage,NA,NA,NA,NA
06/12/2023,wm,f,17028,n,white,a3,0.016,storage,NA,NA,NA,NA
06/12/2023,wm,f,17028,n,white,a4,0.0225,storage,NA,NA,NA,NA
06/12/2023,wm,f,17028,n,white,a5,0.0377,storage,NA,NA,NA,NA
06/12/2023,wm,f,17028,n,white,a6,0.0399,storage,NA,NA,NA,NA
06/12/2023,wm,f,17028,n,white,a7,0.0323,storage,NA,NA,NA,NA
06/12/2023,wm,f,17028,n,white,a8,0.0147,storage,NA,NA,NA,NA
06/12/2023,wm,f,17028,n,white,a9,0.0389,storage,NA,NA,NA,NA
06/12/2023,wm,f,17893,s,w3,e4,0.0206,mated,n,o2a2,y,NA
06/12/2023,wm,f,17893,s,orange,a10,0.0248,storage,NA,NA,NA,NA
06/12/2023,wm,f,17893,s,orange,a11,0.009,storage,NA,NA,NA,NA
06/12/2023,wm,f,17893,s,orange,a12,0.0305,storage,NA,NA,NA,NA
06/12/2023,wm,f,17893,s,orange,b1,0.038,storage,NA,NA,NA,NA
06/12/2023,wm,f,17893,s,orange,b2,0.18,storage,NA,NA,NA,NA
06/12/2023,wm,f,17893,n,orange,b3,0.0271,storage,NA,NA,NA,NA
06/12/2023,feathered_thorn,m,17863,s,s1,d10,NA,storage,NA,NA,NA,NA
06/12/2023,wm,f,17863,n,w3,e5,0.298,mated,y,o2a3,y,green_eggs
06/12/2023,wm,f,17863,n,w3,e6,0.238,mated,y,o2a4,y,NA
06/12/2023,wm,f,17863,n,w3,e7,0.331,mated,y,o2a5,y,NA
06/12/2023,wm,f,17863,n,w3,e8,0.0171,mated,y,o2a6,y,NA
06/12/2023,wm,f,17863,s,w3,e9,0.0178,mated,y,o2a7,n,NA
06/12/2023,wm,f,17863,s,w3,e10,0.245,mated,y,o2a8,y,NA
06/12/2023,wm,f,17863,s,white,b4,0.0324,storage,NA,NA,NA,NA
06/12/2023,wm,f,17863,s,white,b5,0.0105,storage,NA,NA,NA,NA
06/12/2023,wm,f,17863,s,white,b6,0.023,storage,NA,NA,NA,NA
06/12/2023,wm,f,17863,s,white,b7,0.0347,storage,NA,NA,NA,NA
06/12/2023,wm,f,17863,s,white,b8,0.0098,storage,NA,NA,NA,NA
06/12/2023,wm,f,17863,n,white,b9,0.03,storage,NA,NA,NA,NA
06/12/2023,wm,f,17863,n,white,b10,0.0195,storage,NA,NA,NA,NA
06/12/2023,wm,f,17863,n,white,b11,0.0265,storage,NA,NA,NA,NA
06/12/2023,su,f,17863,n,white,b12,0.0754,storage,NA,NA,NA,NA
06/12/2023,mu,f,17303,s,white,c1,0.0199,storage,NA,NA,NA,NA
06/12/2023,mu,f,17303,s,white,c2,0.0274,storage,NA,NA,NA,NA
06/12/2023,mu,f,17303,s,white,c3,0.033,storage,NA,NA,NA,NA
06/12/2023,wm,f,17907,s,w3,e11,0.0265,mated,y,o2a9,y,NA
06/12/2023,wm,f,17907,s,white,c4,0.324,storage,NA,NA,NA,NA
06/12/2023,wm,f,17907,s,white,c5,0.0225,storage,NA,NA,NA,NA
06/12/2023,wm,f,17907,s,white,c6,0.0247,storage,NA,NA,NA,NA
06/12/2023,wm,f,17907,n,white,c7,0.0242,storage,NA,NA,NA,NA
06/12/2023,wm,f,17907,n,white,c8,0.0226,storage,NA,NA,NA,NA
06/12/2023,wm,f,16089,n,w3,e12,0.022,mated,y,o2a10,y,NA
06/12/2023,wm,f,16089,s,white,c9,0.0232,storage,NA,NA,NA,NA
06/12/2023,wm,f,16091,s,purple3,a1,0.0084,mated,y,o2b1,y,NA
06/12/2023,wm,f,16091,s,purple3,a2,0.0208,mated,y,o2b2,y,NA
06/12/2023,wm,f,16091,s,purple3,a3,0.0176,mated,y,o2b3,y,NA
06/12/2023,wm,f,16091,s,white,c10,0.015,storage,NA,NA,NA,NA
06/12/2023,wm,f,16091,s,white,c11,0.022,storage,NA,NA,NA,NA
06/12/2023,wm,f,16091,n,white,c12,0.0277,storage,NA,NA,NA,NA
06/12/2023,wm,f,16091,n,white,d1,0.0176,storage,NA,NA,NA,NA
06/12/2023,wm,f,16091,n,white,d2,0.0227,storage,NA,NA,NA,NA
06/12/2023,wm,f,16091,n,white,d3,0.035,storage,NA,NA,NA,NA
06/12/2023,wm,f,16091,n,white,d4,0.0269,storage,NA,NA,NA,NA
06/12/2023,wm,f,16682,n,purple3,a4,0.0274,mated,y,o2b4,y,NA
06/12/2023,wm,f,16682,n,purple3,a5,0.0247,mated,y,o2b5,y,NA
06/12/2023,wm,f,16682,n,white,d5,0.0191,storage,NA,NA,NA,NA
06/12/2023,wm,f,16682,n,white,d6,0.0131,storage,NA,NA,NA,NA
06/12/2023,wm,f,16682,n,white,d7,0.012,storage,NA,NA,NA,NA
06/12/2023,wm,f,16682,n,white,d8,0.0188,storage,NA,NA,NA,NA
06/12/2023,wm,f,16682,s,white,d9,0.0112,storage,NA,NA,NA,NA
06/12/2023,wm,f,16682,s,white,d10,0.0346,storage,NA,NA,NA,NA
06/12/2023,wm,f,16682,s,white,d11,0.0146,storage,NA,NA,NA,NA
06/12/2023,wm,f,16682,s,white,d12,0.022,storage,NA,NA,NA,NA
06/12/2023,wm,f,16682,s,white,e1,0.0292,storage,NA,NA,NA,NA
06/12/2023,wm,f,16682,s,purple3,a6,0.0177,mated,n,o2b6,y,NA
06/12/2023,wm,f,16180,s,purple3,a7,0.0269,mated,n,o2b7,y,NA
06/12/2023,wm,f,16180,n,white,e2,0.0309,storage,NA,NA,NA,NA
06/12/2023,wm,f,14511,s,purple3,a8,0.0182,mated,y,o2b8,y,NA
06/12/2023,wm,f,14511,s,white,e3,NA,storage,NA,NA,NA,NA
06/12/2023,wm,f,14511,s,white,e4,0.0234,storage,NA,NA,NA,NA
06/12/2023,wm,f,14511,s,white,e5,0.0231,storage,NA,NA,NA,NA
06/12/2023,wm,f,14511,s,white,e6,0.0096,storage,NA,NA,NA,NA
06/12/2023,wm,f,14511,s,white,e7,0.0104,storage,NA,NA,NA,NA
06/12/2023,wm,f,14511,s,white,e8,0.0353,storage,NA,NA,NA,NA
06/12/2023,wm,f,14511,s,white,e9,0.0247,storage,NA,NA,NA,NA
06/12/2023,wm,f,14511,s,white,e10,0.018,storage,NA,NA,NA,NA
06/12/2023,wm,f,14511,s,white,e11,0.01,storage,NA,NA,NA,NA
06/12/2023,wm,f,14511,s,white,e12,0.0219,storage,NA,NA,NA,NA
06/12/2023,wm,f,14511,s,green,a1,0.0135,storage,NA,NA,NA,NA
06/12/2023,wm,f,14511,s,green,a2,0.0128,storage,NA,NA,NA,NA
06/12/2023,wm,f,14511,n,green,a3,0.019,storage,NA,NA,NA,NA
06/12/2023,su,f,14511,n,green,a4,0.0345,storage,NA,NA,NA,NA
06/12/2023,wm,f,16106,s,purple3,a9,0.0217,mated,n,o2b9,y,green_eggs
06/12/2023,wm,f,16106,n,green,a5,0.0357,storage,NA,NA,NA,NA
06/12/2023,wm,f,16106,s,green,a6,0.0344,storage,NA,NA,NA,NA
06/12/2023,wm,f,16106,s,green,a7,0.0232,storage,NA,NA,NA,NA
06/12/2023,wm,f,16106,s,green,a8,0.0238,storage,NA,NA,NA,NA
06/12/2023,wm,f,16106,s,green,a9,0.0306,storage,NA,NA,NA,NA
06/12/2023,wm,f,16106,s,green,a10,0.0125,storage,NA,NA,NA,NA
06/12/2023,wm,f,16106,s,green,a11,0.0159,storage,NA,NA,NA,NA
06/12/2023,wm,f,16106,s,green,a12,0.0307,storage,NA,NA,NA,NA
06/12/2023,wm,f,16106,n,green,b1,0.017,storage,NA,NA,NA,NA
06/12/2023,wm,f,16106,n,green,b2,0.0307,storage,NA,NA,NA,NA
06/12/2023,wm,f,14291,n,purple3,a10,0.0282,mated,n,o2b10,y,NA
06/12/2023,wm,f,14291,s,green,b3,0.0092,storage,NA,NA,NA,NA
06/12/2023,wm,f,14158,n,purple3,a11,0.0237,mated,n,o2c1,y,NA
06/12/2023,wm,f,14158,n,green,b4,0.0132,storage,NA,NA,NA,NA
06/12/2023,wm,f,19864,s,purple3,a12,0.0239,mated,y,o2c2,y,NA
06/12/2023,wm,f,19864,s,purple3,b1,0.0238,mated,y,o2c3,y,NA
06/12/2023,wm,f,19864,s,purple3,b2,0.0362,mated,y,o2c4,y,green_eggs
06/12/2023,wm,f,19864,s,green,b5,0.0348,mated,y,NA,NA,NA
06/12/2023,wm,f,19864,s,s1,e1,NA,storage,NA,NA,NA,NA
06/12/2023,wm,f,19864,s,s1,e2,NA,storage,NA,NA,NA,NA
06/12/2023,wm,f,19864,s,s1,e3,NA,storage,NA,NA,NA,NA
06/12/2023,wm,f,19864,n,s1,e4,NA,storage,NA,NA,NA,NA
06/12/2023,wm,f,19864,s,green,b6,0.0294,storage,NA,NA,NA,NA
06/12/2023,wm,f,19864,s,green,b7,0.0129,storage,NA,NA,NA,NA
06/12/2023,wm,f,19864,s,green,b8,0.0305,storage,NA,NA,NA,NA
06/12/2023,wm,f,19864,s,green,b9,0.0176,storage,NA,NA,NA,NA
06/12/2023,wm,f,19864,s,green,b10,0.0188,storage,NA,NA,NA,NA
06/12/2023,wm,f,19864,n,green,b11,0.0211,storage,NA,NA,NA,NA
06/12/2023,wm,f,19864,n,green,b12,0.0119,storage,NA,NA,NA,NA
06/12/2023,wm,f,21184,s,purple3,b3,0.0131,mated,y,o2c6,y,NA
06/12/2023,wm,f,21184,s,purple3,b4,0.032,mated,y,o2c7,y,green_eggs
06/12/2023,wm,f,21184,n,purple3,b5,0.0084,mated,y,o2c8,n,NA
06/12/2023,wm,f,21184,s,green,c1,0.0173,storage,NA,NA,NA,NA
06/12/2023,wm,f,21184,s,green,c2,0.0173,storage,NA,NA,NA,NA
06/12/2023,wm,m,15160,s,s1,e5,NA,NA,NA,NA,NA,NA
06/12/2023,wm,m,15160,n,s1,e6,NA,NA,NA,NA,NA,NA
06/12/2023,wm,f,14128,n,NA,NA,0.0272,lionel,NA,NA,NA,NA
06/12/2023,wm,m,14128,n,NA,NA,NA,lionel,NA,NA,NA,NA
06/12/2023,wm,m,14128,n,NA,NA,NA,lionel,NA,NA,NA,NA
06/12/2023,wm,m,14128,s,NA,NA,NA,lionel,NA,NA,NA,NA
06/12/2023,wm,f,17321,n,NA,NA,0.0156,lionel,NA,NA,NA,NA
06/12/2023,wm,m,17321,n,NA,NA,NA,lionel,NA,NA,NA,NA
06/12/2023,wm,m,17321,n,NA,NA,NA,lionel,NA,NA,NA,NA
06/12/2023,wm,m,17321,s,NA,NA,NA,lionel,NA,NA,NA,NA
06/12/2023,wm,m,17321,s,NA,NA,NA,lionel,NA,NA,NA,NA
06/12/2023,wm,m,17321,s,NA,NA,NA,lionel,NA,NA,NA,NA
06/12/2023,wm,m,17321,s,NA,NA,NA,lionel,NA,NA,NA,NA
06/12/2023,wm,m,17321,s,NA,NA,NA,lionel,NA,NA,NA,NA
06/12/2023,wm,m,17321,s,NA,NA,NA,lionel,NA,NA,NA,NA
06/12/2023,wm,m,17321,s,NA,NA,NA,lionel,NA,NA,NA,NA
06/12/2023,wm,f,20729,n,NA,NA,0.0169,lionel,NA,NA,NA,NA
06/12/2023,wm,m,20729,s,NA,NA,NA,lionel,NA,NA,NA,NA
06/12/2023,feathered_thorn,NA,20729,s,NA,NA,NA,lionel,NA,NA,NA,NA
06/12/2023,wm,m,19872,s,s1,e7,NA,storage,NA,NA,NA,NA
08/12/2023,wm,f,14510,s,purple3,b6,0.0238,mated,y,o2c9,y,NA
08/12/2023,wm,f,14510,s,purple3,b7,0.0183,mated,y,o2c10,y,NA
08/12/2023,wm,f,14510,s,green,c3,0.0175,storage,NA,NA,NA,NA
08/12/2023,wm,f,14510,s,green,c4,0.0172,storage,NA,NA,NA,NA
08/12/2023,wm,f,14510,s,green,c5,0.0145,storage,NA,NA,NA,NA
08/12/2023,wm,f,14511,s,purple3,b8,0.0193,mated,y,o2d1,y,NA
08/12/2023,wm,f,14511,s,purple3,b9,0.0214,mated,y,o2d2,n,NA
08/12/2023,wm,f,14511,s,purple3,b10,0.026,mated,y,o2d3,y,NA
08/12/2023,wm,m,14511,s,s1,e8,NA,NA,NA,NA,NA,NA
08/12/2023,wm,f,14511,s,green,c6,0.0283,storage,NA,NA,NA,NA
08/12/2023,wm,f,14511,s,green,c7,0.02,storage,NA,NA,NA,NA
08/12/2023,wm,f,14511,s,green,c8,0.0284,storage,NA,NA,NA,NA
08/12/2023,wm,f,14511,s,green,c9,0.0156,storage,NA,NA,NA,NA
08/12/2023,wm,f,14511,s,green,c10,0.0253,storage,NA,NA,NA,NA
08/12/2023,wm,f,14511,s,green,c11,0.0195,storage,NA,NA,NA,NA
08/12/2023,?,f,14511,s,green,c12,0.0364,storage,NA,NA,NA,NA
08/12/2023,wm,f,14511,s,green,d1,0.0252,storage,NA,NA,NA,NA
08/12/2023,wm,f,14511,s,green,d2,0.025,storage,NA,NA,NA,NA
08/12/2023,wm,f,14511,s,green,d3,0.0185,storage,NA,NA,NA,NA
08/12/2023,wm,f,14511,s,green,d4,0.0252,storage,NA,NA,NA,NA
08/12/2023,wm,m,15160,n,s1,e9,NA,storage,NA,NA,NA,NA
08/12/2023,wm,f,16682,s,purple3,b11,0.024,mated,n,o2d4,y,NA
08/12/2023,wm,f,16682,s,green,d5,0.0281,storage,NA,NA,NA,NA
08/12/2023,wm,f,16682,s,green,d6,0.0285,storage,NA,NA,NA,NA
08/12/2023,wm,f,16682,n,green,d7,0.0205,storage,NA,NA,NA,NA
08/12/2023,wm,f,16682,n,green,d8,0.0242,storage,NA,NA,NA,NA
08/12/2023,wm,f,16089,s,purple3,b12,0.0378,mated,n,o2d5,y,NA
08/12/2023,wm,f,16091,s,purple3,c1,0.0198,mated,y,o2d6,y,green_eggs
08/12/2023,wm,f,16091,n,green,d9,0.0333,storage,NA,NA,NA,NA
08/12/2023,wm,f,16091,n,green,d10,0.0343,storage,NA,NA,NA,NA
08/12/2023,wm,f,16091,n,green,d11,0.0397,storage,NA,NA,NA,NA
08/12/2023,wm,f,16091,n,green,d12,0.0371,storage,NA,NA,NA,NA
08/12/2023,wm,f,16682,s,purple3,c2,0.0147,mated,y,o2d7,y,NA
08/12/2023,wm,f,16682,n,purple3,c3,0.0254,mated,y,o2d8,y,NA
08/12/2023,wm,f,16682,n,green,e1,0.0211,storage,NA,NA,NA,NA
08/12/2023,wm,f,16682,n,green,e2,0.0223,storage,NA,NA,NA,NA
08/12/2023,wm,f,16682,n,green,e3,0.0298,storage,NA,NA,NA,NA
08/12/2023,wm,f,16682,s,green,e4,0.0214,storage,NA,NA,NA,NA
08/12/2023,wm,f,16682,s,green,e5,0.0251,storage,NA,NA,NA,NA
08/12/2023,wm,f,16682,s,green,e6,0.0354,storage,NA,NA,NA,NA
08/12/2023,wm,f,16682,s,green,e7,0.0376,storage,NA,NA,NA,NA
08/12/2023,wm,f,16682,s,green,e8,0.039,storage,NA,NA,NA,NA
08/12/2023,wm,f,16682,s,green,e9,0.247,storage,NA,NA,NA,NA
08/12/2023,wm,f,16682,s,green,e10,0.0256,storage,NA,NA,NA,NA
08/12/2023,wm,f,17893,s,purple3,c4,0.0254,mated,n,o2d9,y,NA
08/12/2023,wm,f,17893,s,green,e11,0.0319,storage,NA,NA,NA,NA
08/12/2023,wm,f,17893,s,green,e12,0.0266,storage,NA,NA,NA,NA
08/12/2023,wm,f,17893,s,b2,a1,0.0137,storage,NA,NA,NA,NA
08/12/2023,wm,f,17893,s,b2,a2,0.0315,storage,NA,NA,NA,NA
08/12/2023,mu,f,17893,s,b2,a3,0.0863,storage,NA,NA,NA,NA
08/12/2023,wm,f,17893,s,b2,a4,0.0284,storage,NA,NA,NA,NA
08/12/2023,wm,f,17893,s,b2,a5,0.0315,storage,NA,NA,NA,NA
08/12/2023,wm,f,17893,s,b2,a6,0.0406,storage,NA,NA,NA,NA
08/12/2023,wm,f,17893,s,b2,a7,0.0308,storage,NA,NA,NA,NA
08/12/2023,wm,f,17893,s,b2,a8,0.0356,storage,NA,NA,NA,NA
08/12/2023,wm,f,17893,s,b2,a9,0.0285,storage,NA,NA,NA,NA
08/12/2023,wm,f,17893,n,b2,a10,0.0318,storage,NA,NA,NA,NA
08/12/2023,wm,f,17907,n,purple3,c5,0.0137,mated,n,o2d10,y,NA
08/12/2023,wm,f,17907,s,b2,a11,0.0234,storage,NA,NA,NA,NA
08/12/2023,wm,f,17907,s,b2,a12,0.0319,storage,NA,NA,NA,NA
08/12/2023,wm,f,17907,s,b2,b1,0.014,storage,NA,NA,NA,NA
08/12/2023,wm,f,17907,s,b2,b2,0.0213,storage,NA,NA,NA,NA
08/12/2023,wm,f,17907,s,b2,b3,0.025,storage,NA,NA,NA,NA
08/12/2023,wm,f,17907,s,b2,b4,0.0176,storage,NA,NA,NA,NA
08/12/2023,wm,f,17907,s,b2,b5,0.0264,storage,NA,NA,NA,NA
08/12/2023,wm,f,16682,s,b2,b6,0.0394,storage,NA,NA,NA,NA
08/12/2023,wm,f,17115,s,purple3,c6,0.0263,mated,y,o2e1,y,NA
08/12/2023,wm,f,17115,s,b2,b7,0.017,storage,NA,NA,NA,NA
08/12/2023,wm,f,17115,s,b2,b8,0.0154,storage,NA,NA,NA,NA
08/12/2023,wm,f,17115,s,b2,b9,0.0162,storage,NA,NA,NA,NA
08/12/2023,wm,f,17115,s,b2,b10,0.0206,storage,NA,NA,NA,NA
08/12/2023,wm,f,17115,s,b2,b11,0.0343,storage,NA,NA,NA,NA
08/12/2023,wm,f,17115,s,b2,b12,0.0334,storage,NA,NA,NA,NA
08/12/2023,wm,f,17115,s,b2,c1,0.0307,storage,NA,NA,NA,NA
08/12/2023,wm,f,17115,n,b2,c2,0.0212,storage,NA,NA,NA,NA
08/12/2023,wm,f,17484,s,purple3,c7,0.0227,mated,y,o2e2,y,NA
08/12/2023,wm,f,17484,s,purple3,c8,0.0324,mated,y,o2e3,y,mixed_colour_eggs
08/12/2023,wm,f,17484,s,purple3,c9,0.0232,mated,y,o2e4,y,NA
08/12/2023,wm,f,17484,s,b2,c3,0.0244,storage,NA,NA,NA,NA
08/12/2023,wm,f,17484,s,b2,c4,0.0157,storage,NA,NA,NA,NA
08/12/2023,wm,f,17484,s,b2,c5,0.0265,storage,NA,NA,NA,NA
08/12/2023,wm,f,17484,s,b2,c6,0.0395,storage,NA,NA,NA,NA
08/12/2023,wm,f,17863,n,purple3,c10,0.0275,mated,y,o2e5,n,NA
08/12/2023,wm,f,17863,s,purple3,c11,0.0187,mated,y,o2e6,y,green_eggs
08/12/2023,wm,f,17863,s,purple3,c12,0.0217,mated,y,o2e7,y,NA
08/12/2023,wm,f,17863,s,s1,e10,NA,storage,NA,NA,NA,NA
08/12/2023,wm,f,17863,s,s2,a1,NA,storage,NA,NA,NA,NA
08/12/2023,wm,f,17863,s,s2,a2,NA,storage,NA,NA,NA,NA
08/12/2023,wm,f,17863,s,b2,c7,0.0235,storage,NA,NA,NA,NA
08/12/2023,wm,f,17863,s,b2,c8,0.0254,storage,NA,NA,NA,NA
08/12/2023,wm,f,17863,s,b2,c9,0.0292,storage,NA,NA,NA,NA
08/12/2023,wm,f,17863,s,b2,c10,0.0333,storage,NA,NA,NA,NA
08/12/2023,wm,f,17863,s,b2,c11,0.0255,storage,NA,NA,NA,NA
08/12/2023,wm,f,17863,n,b2,c12,0.0303,storage,NA,NA,NA,NA
08/12/2023,wm,f,17863,n,b2,d1,0.034,storage,NA,NA,NA,NA
08/12/2023,wm,f,17863,n,b2,d2,0.027,storage,NA,NA,NA,NA
08/12/2023,wm,f,17863,n,b2,d3,0.0174,storage,NA,NA,NA,NA
08/12/2023,wm,f,17863,n,b2,d4,0.014,storage,NA,NA,NA,NA
08/12/2023,wm,f,17028,s,purple3,d1,0.0276,mated,n,o2e8,y,NA
08/12/2023,wm,f,17028,s,b2,d5,0.0171,storage,NA,NA,NA,NA
08/12/2023,wm,f,17028,s,b2,d6,0.0394,storage,NA,NA,NA,NA
08/12/2023,wm,f,17028,s,b2,d7,0.0358,storage,NA,NA,NA,NA
08/12/2023,wm,f,17028,s,b2,d8,0.0194,storage,NA,NA,NA,NA
08/12/2023,wm,f,17028,s,b2,d9,0.0206,storage,NA,NA,NA,NA
08/12/2023,wm,f,17028,s,b2,d10,0.0119,storage,NA,NA,NA,NA
08/12/2023,wm,f,17028,s,b2,d11,0.0243,storage,NA,NA,NA,NA
08/12/2023,wm,f,17028,s,b2,d12,0.036,storage,NA,NA,NA,NA
08/12/2023,wm,f,17028,n,b2,e1,0.0176,storage,NA,NA,NA,NA
08/12/2023,wm,f,17028,n,b2,e2,0.0175,storage,NA,NA,NA,NA
08/12/2023,wm,f,17028,n,b2,e3,0.0314,storage,NA,NA,NA,NA
08/12/2023,wm,f,17028,n,b2,e4,0.04,storage,NA,NA,NA,NA
08/12/2023,wm,f,17028,n,b2,e5,0.0286,storage,NA,NA,NA,NA
08/12/2023,wm,f,17028,n,b2,e6,0.0325,storage,NA,NA,NA,NA
08/12/2023,wm,f,17028,n,b2,e7,0.049,storage,NA,NA,NA,NA
08/12/2023,wm,f,17028,n,b2,e8,0.0348,storage,NA,NA,NA,NA
08/12/2023,wm,f,17028,n,b2,e9,0.0174,storage,NA,NA,NA,NA
08/12/2023,wm,f,19872,n,purple3,d2,0.0372,mated,n,o2e9,y,NA
08/12/2023,wm,f,19872,n,b2,e10,0.0335,storage,NA,NA,NA,NA
08/12/2023,wm,f,19872,n,b2,e11,0.042,storage,NA,NA,NA,NA
08/12/2023,wm,f,19872,s,b2,e12,0.0255,storage,NA,NA,NA,NA
08/12/2023,wm,f,19872,s,w2,a1,0.0391,storage,NA,NA,NA,NA
08/12/2023,wm,f,19872,s,w2,a2,0.0219,storage,NA,NA,NA,NA
08/12/2023,wm,f,19864,n,purple3,d3,0.0233,mated,y,o2e10,y,NA
08/12/2023,wm,f,19864,s,purple3,d4,0.0419,mated,y,o3a1,y,NA
08/12/2023,wm,f,19864,s,purple3,d5,0.0311,mated,y,o3a2,y,green_eggs
08/12/2023,wm,f,19864,s,w2,a3,0.0311,storage,NA,NA,NA,NA
08/12/2023,wm,f,19864,s,w2,a4,0.0326,storage,NA,NA,NA,NA
08/12/2023,wm,f,19864,s,w2,a5,0.0347,storage,NA,NA,NA,NA
08/12/2023,wm,f,17307,s,purple3,d6,0.0335,mated,n,o3a3,y,NA
08/12/2023,wm,f,17307,s,w2,a6,0.0287,storage,NA,NA,NA,NA
08/12/2023,wm,f,17307,s,w2,a7,0.0251,storage,NA,NA,NA,NA
08/12/2023,wm,f,17307,s,w2,a8,0.0378,storage,NA,NA,NA,NA
08/12/2023,wm,f,17307,s,w2,a9,0.0281,storage,NA,NA,NA,NA
08/12/2023,wm,f,17307,s,w2,a10,0.0327,storage,NA,NA,NA,NA
08/12/2023,wm,f,17307,s,w2,a11,0.02,storage,NA,NA,NA,NA
08/12/2023,wm,f,17307,s,w2,a12,0.0359,storage,NA,NA,NA,NA
08/12/2023,wm,f,17307,n,w2,b1,0.0325,storage,NA,NA,NA,NA
08/12/2023,wm,f,17307,n,w2,b2,0.0341,storage,NA,NA,NA,NA
08/12/2023,wm,f,17307,n,w2,b3,0.031,storage,NA,NA,NA,NA
08/12/2023,wm,m,19872,s,s2,a3,NA,storage,NA,NA,NA,NA
08/12/2023,wm,m,19872,s,s2,a4,NA,storage,NA,NA,NA,NA
08/12/2023,wm,f,16106,n,purple3,d7,0.0468,mated,n,o3a4,y,NA
08/12/2023,wm,f,16106,n,w2,b4,0.018,storage,NA,NA,NA,NA
08/12/2023,wm,f,16106,n,w2,b5,0.0317,storage,NA,NA,NA,NA
08/12/2023,wm,f,16106,s,w2,b6,0.0448,storage,NA,NA,NA,NA
08/12/2023,mu,f,16106,s,w2,b7,0.0728,storage,NA,NA,NA,NA
08/12/2023,wm,f,16106,s,w2,b8,0.033,storage,NA,NA,NA,NA
08/12/2023,wm,f,16106,s,w2,b9,0.0224,storage,NA,NA,NA,NA
08/12/2023,wm,f,16106,s,w2,b10,0.0333,storage,NA,NA,NA,NA
08/12/2023,wm,f,14158,s,purple3,d8,0.023,mated,n,o3a5,y,NA
08/12/2023,wm,f,14158,n,w2,b11,0.0221,storage,NA,NA,NA,NA
08/12/2023,wm,f,14158,n,w2,b12,0.0339,storage,NA,NA,NA,NA
08/12/2023,wm,f,14158,n,w2,c1,0.0384,storage,NA,NA,NA,NA
08/12/2023,mu/wm_probably_mu,f,21184,n,w2,c2,0.0817,storage,NA,NA,NA,NA
08/12/2023,wm,f,21184,s,purple3,d9,0.0141,mated,y,o3a6,y,NA
08/12/2023,wm,m,14128,n,NA,NA,NA,lionel,NA,NA,NA,NA
08/12/2023,wm,m,14128,n,NA,NA,NA,lionel,NA,NA,NA,NA
08/12/2023,wm,m,14128,n,NA,NA,NA,lionel,NA,NA,NA,NA
08/12/2023,wm,m,14128,n,NA,NA,NA,lionel,NA,NA,NA,NA
08/12/2023,wm,m,14128,n,NA,NA,NA,lionel,NA,NA,NA,NA
08/12/2023,wm,m,14128,n,NA,NA,NA,lionel,NA,NA,NA,NA
08/12/2023,wm,f,17321,s,NA,NA,0.031,lionel,NA,NA,NA,NA
08/12/2023,wm,f,17321,s,NA,NA,0.0423,lionel,NA,NA,NA,NA
08/12/2023,wm,m,14128,s,NA,NA,NA,lionel,NA,NA,NA,NA
08/12/2023,wm,m,14128,s,NA,NA,NA,lionel,NA,NA,NA,NA
11/12/2023,wm,f,14511,s,purple3,d10,0.0098,mated,y,o3a7,y,NA
11/12/2023,wm,f,14511,s,purple3,d11,0.0154,mated,y,o3a8,y,NA
11/12/2023,wm,f,14511,s,w2,c3,0.01,storage,NA,NA,NA,NA
11/12/2023,wm,f,14511,s,w2,c4,0.0115,storage,NA,NA,NA,NA
11/12/2023,wm,f,14511,s,w2,c5,0.088,storage,NA,NA,NA,NA
11/12/2023,wm,f,14511,s,w2,c6,0.0126,storage,NA,NA,NA,NA
11/12/2023,wm,f,14511,s,w2,c7,0.0123,storage,NA,NA,NA,NA
11/12/2023,wm,f,14511,s,w2,c8,0.0196,storage,NA,NA,NA,NA
11/12/2023,wm,f,14511,s,w2,c9,0.0149,storage,NA,NA,NA,NA
11/12/2023,wm,f,14511,s,w2,c10,0.0124,storage,NA,NA,NA,NA
11/12/2023,wm,f,14511,s,w2,c11,0.0134,storage,NA,NA,NA,NA
11/12/2023,wm,f,14511,s,w2,c12,0.0241,storage,NA,NA,NA,NA
11/12/2023,wm,f,14511,s,w2,d1,0.073,storage,NA,NA,NA,NA
11/12/2023,wm,f,14511,s,w2,d2,0.0172,storage,NA,NA,NA,NA
11/12/2023,wm,f,14511,n,w2,d3,0.0177,storage,NA,NA,NA,NA
11/12/2023,wm,f,14511,n,w2,d4,0.0149,storage,NA,NA,NA,NA
11/12/2023,wm,f,14511,n,w2,d5,0.0128,storage,NA,NA,NA,NA
11/12/2023,wm,f,14158,s,purple3,d12,0.0142,mated,n,o3a9,y,NA
11/12/2023,wm,f,14158,s,w2,d6,0.0149,storage,NA,NA,NA,NA
11/12/2023,wm,f,14510,n,purple3,e1,0.0266,mated,n,o3a10,y,green_eggs
11/12/2023,wm,m,14291,n,s2,a5,NA,storage,NA,NA,NA,NA
11/12/2023,mu,f,14291,n,w2,d7,0.094,storage,NA,NA,NA,NA
11/12/2023,wm,f,15160,s,purple3,e2,0.0144,mated,NA,o3b1,y,NA
11/12/2023,wm,f,15160,n,w2,d8,0.0313,storage,NA,NA,NA,NA
11/12/2023,wm,f,16106,s,purple3,e3,0.0155,mated,NA,o3b2,y,NA
11/12/2023,wm,f,16106,s,w2,d9,0.016,storage,NA,NA,NA,NA
11/12/2023,wm,f,16106,s,w2,d10,0.0123,storage,NA,NA,NA,NA
11/12/2023,wm,f,16106,s,w2,d11,0.0259,storage,NA,NA,NA,NA
11/12/2023,wm,f,16091,s,purple3,e4,0.0223,mated,NA,o3b3,y,NA
11/12/2023,wm,f,16091,s,w2,d12,0.0202,storage,NA,NA,NA,NA
11/12/2023,wm,f,16091,s,w2,e1,0.0145,storage,NA,NA,NA,NA
11/12/2023,wm,f,16091,s,w2,e2,0.0117,storage,NA,NA,NA,NA
11/12/2023,wm,f,16091,s,w2,e3,0.0154,storage,NA,NA,NA,NA
11/12/2023,su,f,16091,s,w2,e4,0.0287,storage,NA,NA,NA,NA
11/12/2023,wm,f,16091,s,w2,e5,0.0178,storage,NA,NA,NA,NA
11/12/2023,wm,f,16091,s,w2,e6,0.018,storage,NA,NA,NA,NA
11/12/2023,wm,f,16091,s,w2,e7,0.016,storage,NA,NA,NA,NA
11/12/2023,wm,f,16091,s,w2,e8,NA,storage,NA,NA,NA,no_weight_partially_eaten_
11/12/2023,wm,f,16682,s,purple3,e5,0.0279,mated,y,o3b4,y,NA
11/12/2023,wm,f,16682,s,purple3,e6,0.0135,mated,y,o3b5,y,NA
11/12/2023,wm,f,16682,s,w2,e9,0.014,storage,NA,NA,NA,NA
11/12/2023,wm,f,16682,s,w2,e10,0.0136,storage,NA,NA,NA,NA
11/12/2023,wm,f,16682,s,w2,e11,0.0148,storage,NA,NA,NA,NA
11/12/2023,wm,f,16682,n,w2,e12,0.028,storage,NA,NA,NA,NA
11/12/2023,wm,f,16682,s,orange2,a1,0.0216,storage,NA,NA,NA,NA
11/12/2023,wm,f,16682,s,orange2,a2,0.0132,storage,NA,NA,NA,NA
11/12/2023,wm,f,16682,s,orange2,a3,0.0195,storage,NA,NA,NA,NA
11/12/2023,wm,f,16682,s,orange2,a4,0.0161,storage,NA,NA,NA,NA
11/12/2023,wm,f,16682,s,orange2,a5,0.0305,storage,NA,NA,NA,NA
11/12/2023,wm,f,16682,s,orange2,a6,0.0229,storage,NA,NA,NA,NA
11/12/2023,wm,f,16682,s,orange2,a7,0.0112,storage,NA,NA,NA,NA
11/12/2023,wm,f,16682,n,orange2,a8,0.0142,storage,NA,NA,NA,NA
11/12/2023,su,f,16682,n,orange2,a9,0.0216,storage,NA,NA,NA,NA
11/12/2023,wm,f,16682,n,orange2,a10,0.0294,storage,NA,NA,NA,NA
11/12/2023,wm,f,16682,n,orange2,a11,0.0165,storage,NA,NA,NA,NA
11/12/2023,wm,f,16682,n,orange2,a12,0.0217,storage,NA,NA,NA,NA
11/12/2023,wm,f,16089,n,purple3,e7,0.0224,mated,NA,o3b6,y,NA
11/12/2023,wm,f,16089,n,orange2,b1,0.0212,storage,NA,NA,NA,NA
11/12/2023,wm,f,16089,n,orange2,b2,0.015,storage,NA,NA,NA,NA
11/12/2023,wm,f,16089,s,orange2,b3,0.0198,storage,NA,NA,NA,NA
11/12/2023,wm,f,17115,s,purple3,e8,0.0262,mated,NA,o3b7,y,NA
11/12/2023,wm,f,17115,n,orange2,b4,0.0114,storage,NA,NA,NA,NA
11/12/2023,wm,f,17028,s,purple3,e9,0.0288,mated,y,o3b8,y,NA
11/12/2023,wm,f,17028,s,orange2,b5,0.0105,storage,NA,NA,NA,NA
11/12/2023,wm,f,17028,s,orange2,b6,0.023,storage,NA,NA,NA,NA
11/12/2023,wm,f,17028,s,orange2,b7,0.0178,storage,NA,NA,NA,NA
11/12/2023,wm,f,17028,s,orange2,b8,0.0254,storage,NA,NA,NA,NA
11/12/2023,wm,f,17028,s,orange2,b9,0.0256,storage,NA,NA,NA,NA
11/12/2023,wm,f,17028,s,orange2,b10,0.0321,storage,NA,NA,NA,NA
11/12/2023,wm,f,17028,s,orange2,b11,0.0175,storage,NA,NA,NA,NA
11/12/2023,wm,f,17028,n,purple3,e10,0.0178,mated,y,o3b9,n,NA
11/12/2023,wm,f,17028,n,orange2,b12,0.0268,storage,NA,NA,NA,NA
11/12/2023,wm,f,17028,n,orange2,c1,0.0138,storage,NA,NA,NA,NA
11/12/2023,wm,f,17028,n,orange2,c2,0.0218,storage,NA,NA,NA,NA
11/12/2023,wm,f,17028,n,orange2,c3,0.0176,storage,NA,NA,NA,NA
11/12/2023,wm,f,17028,n,orange2,c4,0.0276,storage,NA,NA,NA,NA
11/12/2023,wm,f,17028,n,orange2,c5,0.0277,storage,NA,NA,NA,NA
11/12/2023,wm,f,17028,n,orange2,c6,0.0276,storage,NA,NA,NA,NA
11/12/2023,wm,f,17028,n,orange2,c7,0.0235,storage,NA,NA,NA,NA
11/12/2023,wm,f,17307,s,purple3,e11,0.0228,mated,y,o3b10,y,NA
11/12/2023,wm,f,17307,s,orange2,c8,0.0148,storage,NA,NA,NA,NA
11/12/2023,wm,f,17307,s,orange2,c9,0.0208,storage,NA,NA,NA,NA
11/12/2023,wm,f,17307,s,orange2,c10,0.0265,storage,NA,NA,NA,NA
11/12/2023,wm,f,17307,s,orange2,c11,0.0261,storage,NA,NA,NA,NA
11/12/2023,?,f,17307,s,orange2,c12,0.148,storage,NA,NA,NA,could_be_pale_brindled_beauty
11/12/2023,wm,f,17307,n,orange2,d1,0.0215,storage,NA,NA,NA,NA
11/12/2023,wm,f,17307,n,orange2,d2,0.016,storage,NA,NA,NA,NA
11/12/2023,su,f,17307,n,orange2,d3,0.0486,storage,NA,NA,NA,NA
11/12/2023,wm,f,17307,n,orange2,d4,0.0211,storage,NA,NA,NA,NA
11/12/2023,wm,f,17307,n,orange2,d5,0.0086,storage,NA,NA,NA,NA
11/12/2023,wm,f,17484,s,purple3,e12,0.0339,mated,y,o3c1,y,NA
11/12/2023,wm,f,17484,s,orange3,a1,0.0147,mated,y,o3c2,n,NA
11/12/2023,wm,f,17484,s,orange2,d6,0.0156,storage,NA,NA,NA,NA
11/12/2023,wm,f,17484,s,orange2,d7,0.0107,storage,NA,NA,NA,NA
11/12/2023,wm,f,17484,s,orange2,d8,0.0196,storage,NA,NA,NA,NA
11/12/2023,wm,f,17484,s,orange2,d9,0.0095,storage,NA,NA,NA,NA
11/12/2023,wm,f,17484,s,orange2,d10,0.0189,storage,NA,NA,NA,NA
11/12/2023,wm,f,17484,s,orange2,d11,0.0324,storage,NA,NA,NA,NA
11/12/2023,wm,f,17484,s,orange2,d12,0.0124,storage,NA,NA,NA,NA
11/12/2023,su,f,17484,s,orange2,d13,0.0469,storage,NA,NA,NA,NA
11/12/2023,wm,f,17484,s,orange2,d14,0.0115,storage,NA,NA,NA,NA
11/12/2023,wm,f,17484,s,orange2,d15,0.0153,storage,NA,NA,NA,NA
11/12/2023,wm,f,17484,s,orange2,d16,0.0178,storage,NA,NA,NA,NA
11/12/2023,wm,f,17863,s,orange3,a2,0.0158,mated,y,o3c3,y,NA
11/12/2023,wm,f,17863,s,orange2,e5,0.0243,storage,NA,NA,NA,NA
11/12/2023,wm,f,17863,n,orange3,a3,0.0106,mated,y,o3c4,n,NA
11/12/2023,wm,f,17863,n,orange3,a4,0.0107,mated,y,o3c5,n,NA
11/12/2023,wm,f,17863,n,orange3,a5,0.0098,mated,y,o3c6,y,NA
11/12/2023,wm,f,17863,n,orange2,e6,0.0143,storage,NA,NA,NA,NA
11/12/2023,wm,f,17863,n,orange2,e7,0.0133,storage,NA,NA,NA,NA
11/12/2023,wm,f,17863,n,orange2,e8,0.0074,storage,NA,NA,NA,NA
11/12/2023,wm,f,17863,n,orange2,e9,0.0104,storage,NA,NA,NA,NA
11/12/2023,wm,f,17863,n,orange2,e10,0.0131,storage,NA,NA,NA,NA
11/12/2023,wm,f,17863,n,orange2,e11,0.0098,storage,NA,NA,NA,NA
11/12/2023,wm,f,17863,n,orange2,e12,0.0183,storage,NA,NA,NA,NA
11/12/2023,wm,f,17863,n,p2,a1,0.0091,storage,NA,NA,NA,NA
11/12/2023,wm,f,17863,n,p2,a2,0.095,storage,NA,NA,NA,NA
11/12/2023,wm,f,17863,n,p2,a3,0.0107,storage,NA,NA,NA,NA
11/12/2023,wm,f,17863,n,p2,a4,0.0176,storage,NA,NA,NA,NA
11/12/2023,wm,f,17863,n,p2,a5,0.012,storage,NA,NA,NA,NA
11/12/2023,wm,f,17863,n,p2,a6,0.0091,storage,NA,NA,NA,NA
11/12/2023,wm,f,17863,n,p2,a7,0.009,storage,NA,NA,NA,NA
11/12/2023,wm,f,17863,n,p2,a8,0.0138,storage,NA,NA,NA,NA
11/12/2023,wm,f,17863,n,p2,a9,0.0228,storage,NA,NA,NA,NA
11/12/2023,wm,f,17863,n,p2,a10,0.0359,storage,NA,NA,NA,NA
11/12/2023,su,f,17863,n,p2,a11,0.0197,storage,NA,NA,NA,NA
11/12/2023,su,f,17863,n,p2,a12,0.041,storage,NA,NA,NA,NA
11/12/2023,wm,f,17863,n,p2,b1,0.0151,storage,NA,NA,NA,NA
11/12/2023,wm,f,18178,s,orange3,a6,0.0164,mated,y,o3c7,y,green_eggs
11/12/2023,wm,f,18178,s,orange3,a7,0.0155,mated,y,o3c8,y,NA
11/12/2023,wm,f,18178,s,p2,b2,0.0089,storage,NA,NA,NA,NA
11/12/2023,wm,f,18178,s,p2,b3,0.0121,storage,NA,NA,NA,NA
11/12/2023,wm,f,18178,s,p2,b4,0.0099,storage,NA,NA,NA,NA
11/12/2023,wm,f,18178,s,p2,b5,0.007,storage,NA,NA,NA,NA
11/12/2023,wm,f,18178,s,p2,b6,0.0245,storage,NA,NA,NA,NA
11/12/2023,wm,f,18178,s,p2,b7,0.0118,storage,NA,NA,NA,NA
11/12/2023,wm,f,17893,s,orange3,a8,0.0294,mated,n,o3c9,n,NA
11/12/2023,wm,f,17893,s,p2,b8,0.0159,storage,NA,NA,NA,NA
11/12/2023,su,f,17893,s,p2,b9,0.0294,storage,NA,NA,NA,NA
11/12/2023,wm,f,17893,s,p2,b10,0.0259,storage,NA,NA,NA,NA
11/12/2023,wm,f,17893,s,p2,b11,0.0145,storage,NA,NA,NA,NA
11/12/2023,wm,f,17893,s,p2,b12,0.0119,storage,NA,NA,NA,NA
11/12/2023,wm,f,17893,s,p2,c1,0.0283,storage,NA,NA,NA,NA
11/12/2023,wm,f,17893,s,p2,c2,0.0203,storage,NA,NA,NA,NA
11/12/2023,wm,f,17907,s,orange3,a9,0.0251,mated,n,o3c10,y,NA
11/12/2023,wm,f,17907,s,p2,c3,0.0125,storage,NA,NA,NA,NA
11/12/2023,wm,f,19864,s,orange3,a10,0.0194,mated,y,o3d1,y,NA
11/12/2023,wm,f,19864,s,p2,c4,0.0129,storage,NA,NA,NA,NA
11/12/2023,wm,f,19864,s,p2,c5,0.0125,storage,NA,NA,NA,NA
11/12/2023,wm,f,19864,s,orange3,a11,0.0126,mated,n,o3d2,y,NA
11/12/2023,wm,f,19864,s,p2,c6,0.0108,storage,NA,NA,NA,NA
11/12/2023,wm,f,19864,s,p2,c7,0.01,storage,NA,NA,NA,NA
11/12/2023,wm,f,19864,s,p2,c8,0.0104,storage,NA,NA,NA,NA
11/12/2023,wm,f,19864,n,p2,c9,0.0123,storage,NA,NA,NA,NA
11/12/2023,wm,f,19864,n,p2,c10,0.03,storage,NA,NA,NA,NA
11/12/2023,wm,f,19872,s,orange3,a12,0.0216,mated,n,o3d3,y,green_eggs
11/12/2023,wm,f,19872,s,p2,c11,0.03,storage,NA,NA,NA,NA
11/12/2023,wm,f,20400,s,orange3,b1,0.0157,mated,n,o3d4,y,NA
11/12/2023,wm,m,21184,s,s2,a6,NA,storage,NA,NA,NA,NA
11/12/2023,wm,m,14128,n,NA,NA,NA,lionel,NA,NA,NA,NA
11/12/2023,wm,m,14128,n,NA,NA,NA,lionel,NA,NA,NA,NA
11/12/2023,wm,m,14128,n,NA,NA,NA,lionel,NA,NA,NA,NA
11/12/2023,wm,m,14128,n,NA,NA,NA,lionel,NA,NA,NA,NA
11/12/2023,wm,m,14128,n,NA,NA,NA,lionel,NA,NA,NA,NA
11/12/2023,wm,f,14128,s,NA,NA,0.085,lionel,NA,NA,NA,NA
11/12/2023,su,f,14128,s,NA,NA,0.024,lionel,NA,NA,NA,NA
11/12/2023,mu,f,14128,s,NA,NA,0.0997,lionel,NA,NA,NA,NA
11/12/2023,wm,m,20708,n,NA,NA,NA,lionel,NA,NA,NA,NA
13/12/2023,wm,f,14128,n,NA,NA,0.0294,lionel,NA,NA,NA,NA
13/12/2023,wm,f,14128,n,NA,NA,0.0324,lionel,NA,NA,NA,NA
13/12/2023,wm,m,14128,n,NA,NA,NA,lionel,NA,NA,NA,NA
13/12/2023,wm,f,14128,n,NA,NA,NA,lionel,NA,NA,NA,lost
13/12/2023,wm,m,14128,s,NA,NA,0.0162,lionel,NA,NA,NA,NA
13/12/2023,wm,m,14128,s,NA,NA,0.0338,lionel,NA,NA,NA,NA
13/12/2023,wm,m,14128,s,NA,NA,0.0326,lionel,NA,NA,NA,NA
13/12/2023,wm,m,14128,s,NA,NA,0.0285,lionel,NA,NA,NA,NA
13/12/2023,wm,m,14128,s,NA,NA,0.0143,lionel,NA,NA,NA,NA
13/12/2023,wm,m,14128,s,NA,NA,0.0192,lionel,NA,NA,NA,NA
13/12/2023,wm,m,14128,s,NA,NA,0.0337,lionel,NA,NA,NA,NA
13/12/2023,wm,m,14128,s,NA,NA,0.0357,lionel,NA,NA,NA,NA
13/12/2023,wm,m,17321,s,NA,NA,NA,lionel,NA,NA,NA,NA
13/12/2023,wm,f,20708,s,NA,NA,0.0282,lionel,NA,NA,NA,NA
13/12/2023,wm,m,20708,s,NA,NA,NA,lionel,NA,NA,NA,NA
13/12/2023,wm,f,14158,n,orange3,b2,0.0132,mated,n,o3d5,y,NA
13/12/2023,wm,f,14510,n,orange3,b3,0.0112,mated,n,o3d6,y,NA
13/12/2023,wm,f,14510,n,purple2,c12,0.0433,storage,NA,NA,NA,NA
13/12/2023,wm,f,14511,n,orange3,b4,0.028,mated,n,o3d7,n,NA
13/12/2023,wm,f,14511,n,purple2,d1,0.0127,storage,NA,NA,NA,NA
13/12/2023,wm,f,14511,n,purple2,d2,0.0164,storage,NA,NA,NA,NA
13/12/2023,wm,f,14511,s,purple2,d3,0.0119,storage,NA,NA,NA,NA
13/12/2023,wm,f,19864,s,orange3,b5,0.0343,mated,n,o3d8,y,NA
13/12/2023,wm,f,16089,s,orange3,b6,0.0126,mated,n,o3d9,y,NA
13/12/2023,wm,f,16089,s,purple2,d4,0.0105,storage,NA,NA,NA,NA
13/12/2023,wm,f,16089,s,purple2,d5,0.0126,storage,NA,NA,NA,NA
13/12/2023,wm,f,16089,n,purple2,d6,0.0309,storage,NA,NA,NA,NA
13/12/2023,wm,f,16089,n,purple2,d7,0.0088,storage,NA,NA,NA,NA
13/12/2023,wm,f,16089,n,purple2,d8,0.0129,storage,NA,NA,NA,NA
13/12/2023,wm,f,16091,n,orange3,b7,0.0237,mated,y,o3d10,y,NA
13/12/2023,wm,f,16091,s,purple2,d9,0.017,storage,NA,NA,NA,NA
13/12/2023,mu,f,16091,s,purple2,d10,0.0991,storage,NA,NA,NA,NA
13/12/2023,wm,f,16091,s,purple2,d11,0.0096,storage,NA,NA,NA,NA
13/12/2023,wm,f,16091,s,purple2,d12,0.0116,storage,NA,NA,NA,NA
13/12/2023,wm,f,16091,s,orange3,b8,0.0101,mated,n,o3e1,y,NA
13/12/2023,wm,m,16091,s,s2,a7,NA,storage,NA,NA,NA,NA
13/12/2023,wm,f,16682,s,orange3,b9,0.0193,mated,n,o3e2,y,NA
13/12/2023,wm,f,16682,n,purple2,e1,0.0167,storage,NA,NA,NA,NA
13/12/2023,wm,f,17028,s,orange3,b10,0.0185,mated,n,o3e3,y,NA
13/12/2023,wm,f,17028,s,purple2,e2,0.0191,storage,NA,NA,NA,NA
13/12/2023,wm,f,17028,n,purple2,e3,0.0255,storage,NA,NA,NA,NA
13/12/2023,wm,f,17028,n,purple2,e4,0.0154,storage,NA,NA,NA,NA
13/12/2023,wm,f,17028,n,purple2,e5,0.0218,storage,NA,NA,NA,NA
13/12/2023,wm,f,17028,n,purple2,e6,0.0203,storage,NA,NA,NA,NA
13/12/2023,wm,f,17307,n,orange3,b11,0.024,mated,n,o3e4,y,NA
13/12/2023,wm,f,17115,n,orange3,b12,0.0228,mated,y,o3e5,y,NA
13/12/2023,wm,f,17115,s,purple2,e7,0.0234,storage,NA,NA,NA,NA
13/12/2023,wm,f,17115,s,purple2,e8,0.0202,storage,NA,NA,NA,NA
13/12/2023,wm,f,17115,s,purple2,e9,0.0145,storage,NA,NA,NA,NA
13/12/2023,wm,f,17115,s,purple2,e10,0.0256,storage,NA,NA,NA,NA
13/12/2023,wm,f,17115,s,purple2,e11,0.0408,storage,NA,NA,NA,NA
13/12/2023,wm,f,17307,s,orange3,c1,0.0108,mated,y,o3e6,n,NA
13/12/2023,wm,f,17307,s,purple2,e12,0.0285,storage,NA,NA,NA,NA
13/12/2023,?,f,17307,s,green2,a1,0.0305,storage,NA,NA,NA,not_sure_if_wm_or_other_species._very_green_could_just_be_wm_with_lot's_of_eggs_and_no_scales
13/12/2023,?,f,17307,s,green2,a2,0.0314,storage,NA,NA,NA,not_sure_if_wm_or_other_species._very_green_could_just_be_wm_with_lot's_of_eggs_and_no_scales
13/12/2023,wm,f,17484,s,orange3,c2,0.0192,mated,y,o3e7,y,NA
13/12/2023,wm,f,17484,s,orange3,c3,0.026,mated,y,o3e8,y,NA
13/12/2023,wm,f,17484,s,green2,a3,0.0276,storage,NA,NA,NA,NA
13/12/2023,wm,f,17484,s,green2,a4,0.0276,storage,NA,NA,NA,NA
13/12/2023,wm,f,17863,n,orange3,c4,0.0174,mated,y,o3e9,n,NA
13/12/2023,wm,f,17863,n,orange3,c5,0.0136,mated,y,o3e10,y,NA
13/12/2023,wm,f,17863,n,orange3,c6,0.0322,mated,y,o4a1,y,NA
13/12/2023,wm,m,17863,n,s2,a8,NA,storage,NA,NA,NA,NA
13/12/2023,wm,m,17863,n,s2,a9,NA,storage,NA,NA,NA,NA
13/12/2023,wm,m,17863,s,s2,a10,NA,storage,NA,NA,NA,NA
13/12/2023,?,f,17863,n,green2,a5,0.0269,storage,NA,NA,NA,not_sure_if_wm_or_other_species._very_green_could_just_be_wm_with_lot's_of_eggs_and_no_scales
13/12/2023,wm,f,17863,n,green2,a6,0.0108,storage,NA,NA,NA,NA
13/12/2023,wm,f,17863,s,green2,a7,0.0084,storage,NA,NA,NA,NA
13/12/2023,wm,f,17863,s,green2,a8,0.0215,storage,NA,NA,NA,NA
13/12/2023,wm,f,17863,s,green2,a9,0.0141,storage,NA,NA,NA,NA
13/12/2023,wm,f,17863,s,green2,a10,0.0236,storage,NA,NA,NA,NA
13/12/2023,wm,f,17863,s,green2,a11,0.0156,storage,NA,NA,NA,NA
13/12/2023,wm,f,17893,s,orange3,c7,0.0358,mated,y,o4a2,y,NA
13/12/2023,wm,f,17893,s,green2,a12,0.012,storage,NA,NA,NA,NA
13/12/2023,wm,f,17907,s,orange3,c8,0.0132,mated,n,o4a3,n,NA
13/12/2023,wm,f,17907,s,green2,b1,0.0121,storage,NA,NA,NA,NA
13/12/2023,wm,f,17907,s,green2,b2,0.0093,storage,NA,NA,NA,NA
13/12/2023,wm,f,17907,s,green2,b3,0.0082,storage,NA,NA,NA,NA
13/12/2023,wm,f,17907,s,green2,b4,0.0105,storage,NA,NA,NA,NA
13/12/2023,wm,f,17907,s,green2,b5,0.0225,storage,NA,NA,NA,NA
13/12/2023,wm,f,18178,n,orange3,c9,0.0115,mated,n,o4a4,y,NA
13/12/2023,wm,f,18178,n,green2,b6,0.0124,storage,NA,NA,NA,NA
13/12/2023,wm,f,18178,n,green2,b7,0.0122,storage,NA,NA,NA,NA
13/12/2023,wm,f,18178,s,green2,b8,0.0278,storage,NA,NA,NA,NA
13/12/2023,wm,f,18178,s,green2,b9,0.0069,storage,NA,NA,NA,NA
13/12/2023,wm,f,19864,s,orange3,c10,0.0142,mated,y,o4a5,y,NA
13/12/2023,wm,f,19864,s,green2,b10,0.0143,storage,NA,NA,NA,NA
13/12/2023,wm,f,19864,s,green2,b11,0.0267,storage,NA,NA,NA,NA
13/12/2023,wm,f,19864,s,green2,b12,0.0288,storage,NA,NA,NA,NA
13/12/2023,wm,f,19864,n,green2,c1,0.0335,storage,NA,NA,NA,NA
13/12/2023,wm,f,21184,n,orange3,c11,0.0116,mated,y,o4a6,y,NA
13/12/2023,wm,f,21184,s,orange3,c12,0.0179,mated,y,o4a7,y,NA
13/12/2023,wm,f,21184,s,green2,c2,0.0286,storage,NA,NA,NA,NA
13/12/2023,wm,f,21184,s,green2,c3,0.0083,storage,NA,NA,NA,NA
15/12/2023,wm,m,14291,s,s2,b1,NA,storage,NA,NA,NA,NA
15/12/2023,wm,f,14511,s,orange3,d1,0.0168,mated,n,o4a8,y,NA
15/12/2023,wm,f,14511,s,g2,c4,0.0257,storage,NA,NA,NA,NA
15/12/2023,wm,f,14511,s,g2,c5,0.0129,storage,NA,NA,NA,NA
15/12/2023,wm,m,14510,s,s2,b2,NA,storage,NA,NA,NA,NA
15/12/2023,wm,m,14510,s,s2,b3,NA,storage,NA,NA,NA,NA
15/12/2023,wm,f,16682,n,orange3,d2,0.0117,mated,n,o4a9,n,NA
15/12/2023,wm,f,16682,n,green2,c6,0.0381,storage,NA,NA,NA,NA
15/12/2023,wm,f,16091,s,orange3,d3,0.0228,mated,y,o4a10,y,NA
15/12/2023,wm,f,16091,s,green2,c7,0.0409,storage,NA,NA,NA,NA
15/12/2023,wm,f,16089,s,orange3,d4,0.0084,mated,n,o4b1,y,NA
15/12/2023,wm,f,17028,s,orange3,d5,0.0263,mated,n,o4b2,n,NA
15/12/2023,wm,f,17028,s,green2,c8,0.0305,storage,NA,NA,NA,NA
15/12/2023,wm,f,17115,n,orange3,d6,0.0228,mated,y,o4b3,y,green_eggs
15/12/2023,wm,f,17115,s,green2,c9,0.0158,storage,NA,NA,NA,NA
15/12/2023,wm,f,17115,s,green2,c10,0.025,storage,NA,NA,NA,NA
15/12/2023,wm,f,17307,n,orange3,d7,0.0347,mated,y,o4b4,y,NA
15/12/2023,wm,f,17307,n,orange3,d8,0.0241,mated,y,o4b5,n,NA
15/12/2023,wm,f,17307,s,g2,c11,0.0315,storage,NA,NA,NA,NA
15/12/2023,wm,f,17307,s,g2,c12,0.012,storage,NA,NA,NA,NA
15/12/2023,wm,f,17307,s,g2,d1,0.0492,storage,NA,NA,NA,NA
15/12/2023,wm,m,18178,n,s2,b4,NA,storage,NA,NA,NA,NA
15/12/2023,wm,m,18178,s,s2,b5,NA,storage,NA,NA,NA,NA
15/12/2023,wm,f,19864,s,orange3,d9,0.0356,mated,n,o4b6,y,NA
15/12/2023,wm,f,18178,s,orange3,d10,0.0074,mated,n,o4b7,n,NA
15/12/2023,wm,f,17863,n,orange3,d11,0.0148,mated,n,o4b8,y,NA
15/12/2023,wm,f,17863,n,green2,d2,0.0116,storage,NA,NA,NA,NA
15/12/2023,wm,f,17863,n,green2,d3,0.0229,storage,NA,NA,NA,NA
15/12/2023,wm,f,17863,n,green2,d4,0.0188,storage,NA,NA,NA,NA
15/12/2023,wm,f,17863,n,green2,d5,0.0125,storage,NA,NA,NA,NA
15/12/2023,wm,f,17863,n,green2,d6,0.0102,storage,NA,NA,NA,NA
15/12/2023,wm,f,19864,s,orange3,d12,0.0342,mated,y,o4b9,n,NA
15/12/2023,wm,f,19864,s,green2,d7,0.0249,storage,NA,NA,NA,NA
15/12/2023,wm,f,17893,s,orange3,e1,0.0244,mated,n,o4b10,y,NA
15/12/2023,wm,f,17893,n,green2,d8,0.011,storage,NA,NA,NA,NA
15/12/2023,wm,f,17907,s,orange3,e2,0.0353,mated,n,o4c1,y,NA
15/12/2023,wm,f,17907,s,green2,d9,0.0239,storage,NA,NA,NA,NA
15/12/2023,wm,f,17907,s,green2,d10,0.0316,storage,NA,NA,NA,NA
15/12/2023,wm,f,17484,n,orange3,e3,0.0121,mated,n,o4c2,y,NA
15/12/2023,wm,f,17484,s,green2,d11,0.0144,storage,NA,NA,NA,NA
15/12/2023,wm,f,16106,s,orange3,e4,0.0334,mated,n,o4c3,n,wet
15/12/2023,su,f,16106,s,green2,d12,0.0302,storage,NA,NA,NA,NA
15/12/2023,wm,f,16106,s,green2,e1,0.0135,storage,NA,NA,NA,NA
15/12/2023,wm,f,20400,s,orange3,e5,0.0348,mated,n,o4c4,y,mixed_egg_colours
15/12/2023,wm,f,14128,n,NA,NA,0.0154,lionel,NA,NA,NA,NA
15/12/2023,wm,m,14128,n,NA,NA,NA,lionel,NA,NA,NA,NA
15/12/2023,wm,m,14128,n,NA,NA,NA,lionel,NA,NA,NA,NA
15/12/2023,wm,m,17321,n,NA,NA,NA,lionel,NA,NA,NA,NA
15/12/2023,wm,f,17321,n,NA,NA,0.0201,lionel,NA,NA,NA,NA
15/12/2023,wm,f,14128,s,NA,NA,0.0306,lionel,NA,NA,NA,NA
15/12/2023,wm,f,14128,s,NA,NA,0.0249,lionel,NA,NA,NA,NA
15/12/2023,wm,f,14128,s,NA,NA,0.0176,lionel,NA,NA,NA,NA
15/12/2023,wm,m,14128,s,NA,NA,NA,lionel,NA,NA,NA,NA
15/12/2023,wm,m,14128,s,NA,NA,NA,lionel,NA,NA,NA,NA
15/12/2023,wm,f,17321,s,NA,NA,0.0356,lionel,NA,NA,NA,NA
15/12/2023,wm,m,17321,s,NA,NA,NA,lionel,NA,NA,NA,NA
15/12/2023,wm,f,17893,s,blue3,b1,NA,storage,NA,NA,NA,"found_later_in_bottom_of_bag,_not_weighed_dessicated_"
18/12/2023,wm,f,14291,s,orange3,e6,0.0143,mated,n,o4c5,y,NA
18/12/2023,wm,f,14291,n,green2,e2,0.0115,storage,NA,NA,NA,NA
18/12/2023,wm,f,14511,s,orange3,e7,0.0193,mated,n,o4c6,y,NA
18/12/2023,wm,f,14511,s,green2,e3,0.0339,storage,NA,NA,NA,NA
18/12/2023,wm,f,14511,s,green2,e4,0.0152,storage,NA,NA,NA,NA
18/12/2023,wm,f,16091,s,orange3,e8,0.0095,mated,n,o4c7,y,NA
18/12/2023,wm,f,16089,s,orange3,e9,0.02,mated,n,o4c8,y,NA
18/12/2023,wm,f,17115,s,orange3,e10,0.0137,mated,n,o4c9,y,NA
18/12/2023,wm,f,17115,s,green2,e5,0.026,storage,NA,NA,NA,NA
18/12/2023,wm,f,17115,s,green2,e6,0.0202,storage,NA,NA,NA,NA
18/12/2023,wm,f,17307,n,orange3,e11,0.0156,mated,n,o4c10,y,NA
18/12/2023,wm,f,17307,n,green2,e7,0.0079,storage,NA,NA,NA,NA
18/12/2023,wm,f,17307,n,green2,e8,0.0062,storage,NA,NA,NA,NA
18/12/2023,wm,f,17307,s,green2,e9,0.0137,storage,NA,NA,NA,NA
18/12/2023,wm,f,17307,s,green2,e10,0.0111,storage,NA,NA,NA,NA
18/12/2023,wm,f,17484,n,orange3,e12,0.0515,mated,n,o4d1,y,NA
18/12/2023,wm,f,17484,n,green2,e11,0.0266,storage,NA,NA,NA,NA
18/12/2023,wm,f,17484,s,green2,e12,0.0114,storage,NA,NA,NA,NA
18/12/2023,wm,f,17893,s,blue3,e6,0.0234,mated,n,o4d2,y,NA
18/12/2023,wm,f,18178,s,blue3,e7,0.017,mated,n,o4d3,y,NA
18/12/2023,wm,f,16106,s,blue3,e8,0.0294,mated,n,o4d4,y,NA
18/12/2023,wm,f,16091,s,blue3,e9,0.0195,mated,y,o4d5,n,NA
18/12/2023,wm,f,16682,s,blue3,e10,0.0161,mated,y,o4d6,n,NA
18/12/2023,wm,f,17893,s,blue3,e11,0.0121,mated,y,o4d7,y,NA
18/12/2023,wm,f,17893,s,blue3,a1,0.0254,storage,NA,NA,NA,NA
18/12/2023,wm,f,17028,n,blue3,e12,0.0171,mated,y,o4d8,y,NA
18/12/2023,wm,f,17028,n,blue3,a2,0.014,storage,NA,NA,NA,NA
18/12/2023,wm,f,17028,n,blue3,a3,0.154,storage,NA,NA,NA,NA
18/12/2023,wm,f,17028,n,blue3,a4,0.023,storage,NA,NA,NA,NA
18/12/2023,wm,f,17028,n,blue3,a5,0.0231,storage,NA,NA,NA,NA
18/12/2023,wm,f,17028,n,blue3,a6,0.0219,storage,NA,NA,NA,NA
18/12/2023,wm,f,17028,n,blue3,a7,0.0149,storage,NA,NA,NA,NA
18/12/2023,wm,f,17028,n,blue3,a8,0.0252,storage,NA,NA,NA,NA
18/12/2023,wm,f,17028,n,blue3,a9,0.0116,storage,NA,NA,NA,NA
18/12/2023,wm,f,17028,n,blue3,a10,0.0103,storage,NA,NA,NA,NA
18/12/2023,wm,f,17028,n,blue3,a11,0.0168,storage,NA,NA,NA,NA
18/12/2023,wm,f,17028,s,blue3,a12,0.0304,storage,NA,NA,NA,NA
18/12/2023,wm,f,14128,s,NA,NA,0.0322,lionel,NA,NA,NA,NA
18/12/2023,wm,f,14128,s,NA,NA,0.0174,lionel,NA,NA,NA,NA
18/12/2023,wm,f,14128,s,NA,NA,0.0178,lionel,NA,NA,NA,NA
18/12/2023,wm,f,14128,s,NA,NA,0.0299,lionel,NA,NA,NA,NA
18/12/2023,wm,f,14128,s,NA,NA,0.0333,lionel,NA,NA,NA,NA
18/12/2023,wm,f,14128,s,NA,NA,0.0177,lionel,NA,NA,NA,NA
18/12/2023,wm,m,14128,s,NA,NA,NA,lionel,NA,NA,NA,NA
18/12/2023,wm,m,14128,s,NA,NA,NA,lionel,NA,NA,NA,NA
18/12/2023,wm,m,14128,n,NA,NA,NA,lionel,NA,NA,NA,NA
18/12/2023,wm,m,14128,n,NA,NA,NA,lionel,NA,NA,NA,NA
18/12/2023,wm,f,14128,n,NA,NA,0.0143,lionel,NA,NA,NA,NA
18/12/2023,wm,f,14128,n,NA,NA,0.0291,lionel,NA,NA,NA,NA
18/12/2023,wm,m,17321,n,NA,NA,NA,lionel,NA,NA,NA,NA
18/12/2023,wm,m,17321,n,NA,NA,NA,lionel,NA,NA,NA,NA
13/12/2023,wm,m,17863,n,s2,b6,NA,storage,NA,o4_a1,NA,NA
13/12/2023,wm,m,17893,s,s2,b7,NA,storage,NA,o4_a2,NA,NA
13/12/2023,wm,m,19864,s,s2,b8,NA,storage,NA,o4_a5,NA,NA
13/12/2023,wm,m,21184,n,s2,b9,NA,storage,NA,o4_a6,NA,NA
13/12/2023,wm,m,21184,n,s2,b10,NA,storage,NA,o4_a7,NA,NA
15/12/2023,wm,m,16091,n,s2,c1,NA,storage,NA,o4_a10,NA,NA
15/12/2023,wm,m,17115,s,s2,c2,NA,storage,NA,o4_b3,NA,NA
15/12/2023,wm,m,17307,n,s2,c3,NA,storage,NA,o4_b4,NA,NA
15/12/2023,wm,m,17307,n,s2,c4,NA,storage,NA,o4_b5,NA,NA
15/12/2023,wm,m,17863,n,s2,c5,NA,storage,NA,o4_b8,NA,NA
13/12/2023,wm,m,19864,n,s2,c6,NA,storage,NA,o4_b9,NA,NA
13/12/2023,wm,m,17863,n,s2,c7,NA,storage,NA,o3_e10,NA,NA
13/12/2023,wm,m,17863,n,s2,c8,NA,storage,NA,o3_e9,NA,NA
13/12/2023,wm,m,17484,s,s2,c9,NA,storage,NA,o3_e8,NA,NA
13/12/2023,wm,m,17484,s,s2,c10,NA,storage,NA,o3_e7,NA,NA
13/12/2023,wm,m,17307,n,s2,d1,NA,storage,NA,o3_e6,NA,NA
13/12/2023,wm,m,17115,n,s2,d2,NA,storage,NA,o3_e5,NA,NA
13/12/2023,wm,m,16091,n,s2,d3,NA,storage,NA,o3_e1,NA,NA
13/12/2023,wm,m,16091,n,s2,d4,NA,storage,NA,o3_d10,NA,NA
11/12/2023,wm,m,19864,s,s2,d5,NA,storage,NA,o3_d1,NA,NA
11/12/2023,wm,m,18178,s,s2,d6,NA,storage,NA,o3_c8,NA,NA
11/12/2023,wm,m,18178,s,s2,d7,NA,storage,NA,o3_c7,NA,NA
11/12/2023,wm,m,17863,n,s2,d8,NA,storage,NA,o3_c6,NA,NA
11/12/2023,wm,m,17863,n,s2,d9,NA,storage,NA,o3_c5,NA,NA
11/12/2023,wm,m,17863,n,s2,d10,NA,storage,NA,o3_c4,NA,NA
11/12/2023,wm,m,17863,s,s2,e1,NA,storage,NA,o3_c3,NA,NA
11/12/2023,wm,m,17484,s,s2,e2,NA,storage,NA,o3_c2,NA,NA
11/12/2023,wm,m,17484,n,s2,e3,NA,storage,NA,o3_c1,NA,NA
11/12/2023,wm,m,17307,s,s2,e4,NA,storage,NA,o3_b10,NA,NA
11/12/2023,wm,m,17028,n,s2,e5,NA,storage,NA,o3_b9,NA,NA
11/12/2023,wm,m,17028,s,s2,e6,NA,storage,NA,o3_b8,NA,NA
11/12/2023,wm,m,16682,s,s2,e7,NA,storage,NA,o3_b5,NA,NA
11/12/2023,wm,m,16682,s,s2,e8,NA,storage,NA,o3_b4,NA,NA
11/12/2023,wm,m,14511,s,s2,e9,NA,storage,NA,o3_a8,NA,NA
11/12/2023,wm,m,14511,s,s2,e10,NA,storage,NA,o3_a7,NA,NA
18/12/2023,wm,f,14510,s,blue3,b2,0.0122,storage,NA,NA,NA,NA
20/12/2023,wm,m,14291,s,s3,a1,NA,storage,NA,NA,NA,NA
20/12/2023,wm,f,16091,s,blue4,a1,0.0363,mated,n,o4d9,y,NA
20/12/2023,wm,f,14158,s,blue4,a2,0.0187,mated,n,o4d10,y,NA
20/12/2023,wm,m,16106,s,s3,a2,NA,storage,NA,NA,NA,NA
20/12/2023,wm,m,21184,n,s3,a3,NA,storage,NA,NA,NA,NA
20/12/2023,wm,f,18178,n,blue4,a3,0.0126,mated,n,o4e1,y,NA
20/12/2023,wm,f,14511,s,blue4,a4,0.0177,mated,y,o4e2,y,NA
20/12/2023,wm,f,14511,s,blue3,b3,0.0273,storage,NA,NA,NA,NA
20/12/2023,wm,f,15160,s,blue4,a5,0.0432,mated,n,o4e3,y,mixed_egg_colours
20/12/2023,wm,f,15160,n,blue3,b4,0.0122,storage,NA,NA,NA,NA
20/12/2023,wm,f,16682,s,blue4,a6,0.0237,mated,y,o4e4,y,mixed_egg_colours
20/12/2023,su,f,16682,s,blue3,b5,0.0308,storage,NA,NA,NA,NA
20/12/2023,wm,f,16682,s,blue3,b6,0.0172,storage,NA,NA,NA,NA
20/12/2023,wm,f,19864,s,blue4,a7,0.0274,mated,y,o4e5,n,NA
20/12/2023,wm,f,19864,s,blue4,a8,0.0259,mated,y,o4e6,y,NA
20/12/2023,wm,f,19864,s,blue3,b7,0.0202,storage,NA,NA,NA,NA
20/12/2023,wm,f,19864,s,blue3,b8,0.0288,storage,NA,NA,NA,NA
20/12/2023,wm,f,17307,s,blue4,a9,0.0133,mated,y,o4e7,n,NA
20/12/2023,wm,f,17307,s,blue3,b9,0.0123,storage,NA,NA,NA,NA
20/12/2023,wm,f,17307,s,blue3,b10,0.0096,storage,NA,NA,NA,NA
20/12/2023,wm,f,17321,n,blue4,a10,0.0239,mated,y,o4e8,y,NA
20/12/2023,mu,f,17028,s,blue3,b11,0.0864,storage,NA,NA,NA,NA
20/12/2023,wm,f,17028,s,blue4,a11,0.0221,mated,y,o4e9,y,NA
20/12/2023,wm,f,17028,s,blue3,b12,0.0123,storage,NA,NA,NA,NA
20/12/2023,wm,f,17028,s,blue3,c1,0.0309,storage,NA,NA,NA,NA
20/12/2023,wm,f,17028,s,blue3,c2,0.0086,storage,NA,NA,NA,NA
20/12/2023,wm,f,17028,s,blue3,c3,0.0133,storage,NA,NA,NA,NA
20/12/2023,wm,f,17028,s,blue3,c4,0.0136,storage,NA,NA,NA,NA
20/12/2023,wm,f,17028,s,blue3,c5,0.0125,storage,NA,NA,NA,NA
20/12/2023,wm,f,17115,n,blue4,a12,0.0114,mated,y,o4e10,y,NA
20/12/2023,wm,f,17115,s,blue3,c6,0.0101,storage,NA,NA,NA,NA
20/12/2023,wm,f,17115,s,blue3,c7,0.0184,storage,NA,NA,NA,NA
20/12/2023,wm,f,17115,s,blue3,c8,0.0172,storage,NA,NA,NA,NA
20/12/2023,wm,f,17115,s,blue3,c9,0.0104,storage,NA,NA,NA,NA
20/12/2023,wm,f,17115,s,blue3,c10,0.0113,storage,NA,NA,NA,NA
20/12/2023,wm,f,17484,s,blue4,b1,0.0199,mated,y,o5a1,y,NA
20/12/2023,wm,f,17484,s,blue4,b2,0.0249,mated,y,o5a2,y,NA
20/12/2023,wm,f,17484,s,blue3,c11,0.0089,storage,NA,NA,NA,NA
20/12/2023,wm,f,17484,s,blue3,c12,0.0129,storage,NA,NA,NA,NA
20/12/2023,wm,f,17893,s,blue4,b3,0.0328,mated,n,o5a3,y,NA
20/12/2023,wm,f,17893,s,blue3,d1,0.0314,storage,NA,NA,NA,NA
20/12/2023,wm,f,17893,s,blue3,d2,0.0291,storage,NA,NA,NA,NA
20/12/2023,wm,f,17893,s,blue3,d3,0.0283,storage,NA,NA,NA,NA
20/12/2023,wm,f,17907,s,blue4,b4,0.0191,mated,n,o5a4,y,NA
20/12/2023,wm,f,17907,s,blue3,d4,0.0183,storage,NA,NA,NA,NA
20/12/2023,wm,f,17907,s,blue3,d5,0.0114,storage,NA,NA,NA,NA
20/12/2023,wm,f,17907,s,blue3,d6,0.0237,storage,NA,NA,NA,NA
20/12/2023,wm,f,17863,s,blue4,b5,0.015,mated,y,o5a5,y,NA
20/12/2023,wm,f,17863,n,blue4,b6,0.0272,mated,y,o5a6,y,NA
20/12/2023,wm,f,17863,n,blue4,b7,0.0165,mated,y,o5a7,y,NA
20/12/2023,wm,f,17863,n,blue4,b8,0.0146,mated,y,o5a8,n,NA
20/12/2023,wm,f,17863,n,blue3,d7,0.0191,storage,NA,NA,NA,NA
20/12/2023,wm,f,17863,s,blue3,d8,0.0135,storage,NA,NA,NA,NA
20/12/2023,wm,f,17863,s,blue3,d9,0.0165,storage,NA,NA,NA,NA
20/12/2023,wm,f,17863,s,blue3,d10,0.0133,storage,NA,NA,NA,NA
20/12/2023,wm,f,14128,s,NA,NA,0.0114,lionel,NA,NA,NA,NA
20/12/2023,wm,f,14128,s,NA,NA,0.0214,lionel,NA,NA,NA,NA
20/12/2023,wm,f,14128,s,NA,NA,0.014,lionel,NA,NA,NA,NA
20/12/2023,wm,f,14128,s,NA,NA,0.0375,lionel,NA,NA,NA,NA
20/12/2023,wm,m,14128,s,NA,NA,NA,lionel,NA,NA,NA,NA
20/12/2023,wm,m,14128,n,NA,NA,NA,lionel,NA,NA,NA,NA
20/12/2023,wm,m,14128,n,NA,NA,NA,lionel,NA,NA,NA,NA
20/12/2023,wm,m,14128,n,NA,NA,NA,lionel,NA,NA,NA,NA
20/12/2023,wm,m,14128,n,NA,NA,NA,lionel,NA,NA,NA,NA
20/12/2023,wm,m,14128,n,NA,NA,NA,lionel,NA,NA,NA,NA
22/12/2023,wm,f,20400,n,blue4,b9,0.0412,mated,n,o5a9,y,NA
22/12/2023,wm,f,14511,s,blue4,b10,0.0196,mated,y,o5a10,n,NA
22/12/2023,wm,f,16091,s,blue4,b11,0.0406,mated,y,o5b1,n,NA
22/12/2023,wm,f,17893,s,blue4,b12,0.0091,mated,n,o5b2,n,NA
22/12/2023,wm,f,17893,s,blue3,d11,0.0224,storage,NA,NA,NA,NA
22/12/2023,wm,f,17115,s,blue4,c1,0.0087,mated,n,o5b3,n,NA
22/12/2023,wm,f,17115,s,blue3,d12,0.0235,storage,NA,NA,NA,NA
22/12/2023,wm,f,17307,s,blue4,c2,0.0075,mated,n,o5b4,n,NA
22/12/2023,wm,f,17307,s,blue3,e1,0.0123,storage,NA,NA,NA,NA
22/12/2023,wm,f,17307,s,blue3,e2,0.006,storage,NA,NA,NA,NA
22/12/2023,wm,f,17028,n,blue4,c3,0.0104,mated,n,o5b5,y,NA
22/12/2023,wm,f,17028,n,blue3,e3,0.0238,storage,NA,NA,NA,NA
22/12/2023,wm,f,18178,n,s4,d7,0.0224,mated,n,o5b6,y,NA
22/12/2023,wm,f,19864,s,s4,d8,0.0108,mated,n,o5b7,n,NA
22/12/2023,wm,f,19864,n,blue3,e4,0.0145,storage,NA,NA,NA,NA
22/12/2023,wm,f,19864,n,blue3,e5,0.0133,storage,NA,NA,NA,NA
22/12/2023,wm,f,19872,n,s4,d9,0.054,mated,n,o5b8,863,NA
22/12/2023,wm,f,20729,s,NA,NA,0.0097,lionel,NA,NA,NA,NA
22/12/2023,wm,m,14128,s,NA,NA,0.0097,lionel,NA,NA,NA,NA
12/04/2023,wm,m,14511,s,s3,a4,na,mated,y,o1b9,NA,NA
12/04/2023,wm,m,17863,n,s3,a5,na,mated,y,o1b10,NA,NA
12/04/2023,wm,m,17893,n,s3,a6,na,mated,y,o1c1,NA,NA
12/04/2023,wm,m,17028,s,s3,a7,na,mated,y,o1c2,NA,NA
12/04/2023,wm,m,16106,s,s3,a8,na,mated,y,o1c5,NA,NA
12/04/2023,wm,m,16106,s,s3,a9,na,mated,y,o1c6,NA,NA
12/04/2023,wm,m,17115,n,s3,a10,na,mated,y,o1c7,NA,NA
12/04/2023,wm,m,17115,s,s3,b1,na,mated,y,o1c8,NA,NA
12/04/2023,wm,m,18178,s,s3,b2,na,mated,y,o1c9,NA,NA
12/04/2023,wm,m,18178,s,s3,b3,na,mated,y,o1c10,NA,NA
12/04/2023,wm,m,19864,n,s3,b4,na,mated,y,o1d1,NA,NA
12/04/2023,wm,m,19872,s,s3,b5,na,mated,y,o1d2,NA,NA
12/04/2023,wm,m,21184,n,s3,b6,na,mated,y,o1d3,NA,NA
12/04/2023,wm,m,21184,s,s3,b7,na,mated,y,o1d4,NA,NA
12/04/2023,wm,m,17484,n,s3,b8,na,mated,y,o1e2,NA,NA
12/04/2023,wm,m,17484,n,s3,b9,na,mated,y,o1e3,NA,NA
12/04/2023,wm,m,17484,n,s3,b10,na,mated,y,o1e4,NA,NA
12/04/2023,wm,m,17484,s,s3,c1,na,mated,y,o1e5,NA,NA
12/04/2023,wm,m,17907,s,s3,c2,na,mated,y,o1e6,NA,NA
12/06/2023,wm,m,17307,n,s3,c3,na,mated,y,o1e7,NA,NA
12/06/2023,wm,m,17307,n,s3,c4,na,mated,y,o1e8,NA,NA
12/06/2023,wm,m,17484,n,s3,c5,na,mated,y,o1e9,NA,NA
12/06/2023,wm,m,17115,s,s3,c6,na,mated,y,o1e10,NA,NA
12/06/2023,wm,m,17863,n,s3,c7,na,mated,y,o2a3,NA,NA
12/06/2023,wm,m,17863,n,s3,c8,na,mated,y,o2a4,NA,NA
12/06/2023,wm,m,17863,n,s3,c9,na,mated,y,o2a5,NA,NA
12/06/2023,wm,m,17863,s,s3,c10,na,mated,y,o2a6,NA,NA
12/06/2023,wm,m,17863,s,s3,d1,na,mated,y,o2a7,NA,NA
12/06/2023,wm,m,17863,s,s3,d2,na,mated,y,o2a8,NA,NA
12/06/2023,wm,m,17907,s,s3,d3,na,mated,y,o2a9,NA,NA
12/06/2023,wm,m,16089,n,s3,d4,na,mated,y,o2a10,NA,NA
12/06/2023,wm,m,16091,s,s3,d5,na,mated,y,o2b1,NA,NA
12/06/2023,wm,m,16091,s,s3,d6,na,mated,y,o2b2,NA,NA
12/06/2023,wm,m,16091,s,s3,d7,na,mated,y,o2b3,NA,NA
12/06/2023,wm,m,16091,n,s3,d8,na,mated,y,o2b4,NA,NA
12/06/2023,wm,m,16682,n,s3,d9,na,mated,y,o2b5,NA,NA
12/06/2023,wm,m,14511,s,s3,d10,na,mated,y,o2b8,NA,NA
12/06/2023,wm,m,19864,s,s3,e1,na,mated,y,o2c2,NA,NA
12/06/2023,wm,m,19864,s,s3,e2,na,mated,y,o2c4,NA,NA
12/06/2023,wm,m,19864,s,s3,e3,na,mated,y,o2c5,NA,NA
12/06/2023,wm,m,21184,s,s3,e4,na,mated,y,o2c6,NA,NA
12/06/2023,wm,m,21184,s,s3,e5,na,mated,y,o2c7,NA,NA
12/06/2023,wm,m,21184,n,s3,e6,na,mated,y,o2c8,NA,NA
12/08/2023,wm,m,14510,s,s3,e7,na,mated,y,o2c9,NA,NA
12/08/2023,wm,m,14510,n,s3,e8,na,mated,y,o2c10,NA,NA
12/08/2023,wm,m,14511,s,s3,e9,na,mated,y,o2d1,NA,NA
12/08/2023,wm,m,14511,s,s3,e10,na,mated,y,o2d2,NA,NA
12/08/2023,wm,m,14511,s,s4,a1,na,mated,y,o2d3,NA,NA
12/08/2023,wm,m,16091,s,s4,a2,na,mated,y,o2d6,NA,NA
12/08/2023,wm,m,16682,s,s4,a3,na,mated,y,o2d7,NA,NA
12/08/2023,wm,m,16682,n,s4,a4,na,mated,y,o2d8,NA,NA
12/08/2023,wm,m,17115,s,s4,a5,na,mated,y,o2e1,NA,NA
12/08/2023,wm,m,17484,n,s4,a6,na,mated,y,o2e2,NA,NA
12/08/2023,wm,m,17484,n,s4,a7,na,mated,y,o2e3,NA,NA
12/08/2023,wm,m,17484,n,s4,a8,na,mated,y,o2e4,NA,NA
12/08/2023,wm,m,17863,n,s4,a9,na,mated,y,o2e5,NA,NA
12/08/2023,wm,m,17863,s,s4,a10,na,mated,y,o2e6,NA,NA
12/08/2023,wm,m,17863,s,s4,b1,na,mated,y,o2e7,NA,NA
12/08/2023,wm,m,19864,n,s4,b2,na,mated,y,o2e10,NA,NA
12/08/2023,wm,m,19864,s,s4,b3,na,mated,y,o3a1,NA,NA
12/08/2023,wm,m,19864,s,s4,b4,na,mated,y,o3a2,NA,NA
12/08/2023,wm,m,17307,s,s4,b5,na,mated,y,o3a3,NA,NA
12/08/2023,wm,m,21184,n,s4,b6,na,mated,y,o4a6,NA,NA
18/12/23,wm,m,16091,s,s4,b7,na,mated,y,o4d5,NA,NA
18/12/23,wm,m,16682,s,s4,b8,na,mated,y,o4d6,NA,NA
18/12/23,wm,m,17893,s,s4,b9,na,mated,y,o4d7,NA,NA
18/12/23,wm,m,17028,n,s4,b10,na,mated,y,o4d8,NA,NA
20/12/23,wm,m,14511,s,s4,c1,na,mated,y,o4e2,NA,NA
20/12/23,wm,m,16682,n,s4,c2,na,mated,y,o4e4,NA,NA
20/12/23,wm,m,19864,s,s4,c3,na,mated,y,o4e5,NA,NA
20/12/23,wm,m,19864,s,s4,c4,na,mated,y,o4e6,NA,NA
20/12/23,wm,m,17307,s,s4,c5,na,mated,y,o4e7,NA,NA
20/12/23,wm,m,17321,n,s4,c6,na,mated,y,o4e8,NA,NA
20/12/23,wm,m,17028,s,s4,c7,na,mated,y,o4e9,NA,NA
20/12/23,wm,m,17115,n,s4,c8,na,mated,y,o4e10,NA,NA
20/12/23,wm,m,17484,s,s4,c9,na,mated,y,o5a1,NA,NA
20/12/23,wm,m,17484,s,s4,c10,na,mated,y,o5a2,NA,NA
20/12/23,wm,m,17863,s,s4,d1,na,mated,y,o5a5,NA,NA
20/12/23,wm,m,17863,n,s4,d2,na,mated,y,o5a6,NA,NA
20/12/23,wm,m,17863,n,s4,d3,na,mated,y,o5a7,NA,NA
20/12/23,wm,m,17863,n,s4,d4,na,mated,y,o5a8,NA,NA
22/12/23,wm,m,14511,s,s4,d5,na,mated,y,o5a10,NA,NA
22/12/23,wm,m,16091,s,s4,d6,na,mated,y,o5b1,NA,NA
